-- MySQL dump 10.13  Distrib 8.0.20, for macos10.15 (x86_64)
--
-- Host: 127.0.0.1    Database: test-shop
-- ------------------------------------------------------
-- Server version	5.7.30

/*!40101 SET @OLD_CHARACTER_SET_CLIENT=@@CHARACTER_SET_CLIENT */;
/*!40101 SET @OLD_CHARACTER_SET_RESULTS=@@CHARACTER_SET_RESULTS */;
/*!40101 SET @OLD_COLLATION_CONNECTION=@@COLLATION_CONNECTION */;
/*!50503 SET NAMES utf8 */;
/*!40103 SET @OLD_TIME_ZONE=@@TIME_ZONE */;
/*!40103 SET TIME_ZONE='+00:00' */;
/*!40014 SET @OLD_UNIQUE_CHECKS=@@UNIQUE_CHECKS, UNIQUE_CHECKS=0 */;
/*!40014 SET @OLD_FOREIGN_KEY_CHECKS=@@FOREIGN_KEY_CHECKS, FOREIGN_KEY_CHECKS=0 */;
/*!40101 SET @OLD_SQL_MODE=@@SQL_MODE, SQL_MODE='NO_AUTO_VALUE_ON_ZERO' */;
/*!40111 SET @OLD_SQL_NOTES=@@SQL_NOTES, SQL_NOTES=0 */;

--
-- Table structure for table `product`
--

DROP TABLE IF EXISTS `product`;
/*!40101 SET @saved_cs_client     = @@character_set_client */;
/*!50503 SET character_set_client = utf8mb4 */;
CREATE TABLE `product` (
  `id` int(11) NOT NULL AUTO_INCREMENT,
  `title` varchar(255) NOT NULL,
  `handle` varchar(255) NOT NULL,
  `bodyHtml` varchar(255) NOT NULL,
  `publishedAt` varchar(255) NOT NULL,
  `createdAt` varchar(255) NOT NULL,
  `updatedAt` varchar(255) NOT NULL,
  `vendor` varchar(255) NOT NULL,
  `productType` varchar(255) NOT NULL,
  PRIMARY KEY (`id`)
) ENGINE=InnoDB AUTO_INCREMENT=31 DEFAULT CHARSET=latin1;
/*!40101 SET character_set_client = @saved_cs_client */;

--
-- Dumping data for table `product`
--

LOCK TABLES `product` WRITE;
/*!40000 ALTER TABLE `product` DISABLE KEYS */;
INSERT INTO `product` VALUES (1,'Classic Sticker Pack','classic-sticker-pack-1','<p>eFukt Classic Sticker Pack. Assorted pack of 5 eFukt stickers.</p>\n<p>Available while supplies last.</p>\n<ul></ul>','2022-02-04T14:17:42-08:00','2022-02-04T14:05:21-08:00','2022-06-23T20:15:26-07:00','EFUKT','Stickers'),(2,'Play On Player Women\'s Tee','brand-playon-wtee','<p>Play On Player Women\'s Tee</p>','2017-09-28T17:56:22-07:00','2017-09-28T17:56:22-07:00','2021-06-24T08:38:31-07:00','DeezTeez','Women\'s Tshirt'),(3,'Play On Player Men\'s Tee','brand-playon-mtee','<p>Play On Player Men\'s Tee</p>','2017-09-28T17:56:21-07:00','2017-09-28T17:56:21-07:00','2021-06-23T13:48:10-07:00','DeezTeez','Tshirt'),(4,'Offensive Mug','brand-offensive-mug','<p>Offensive Mug</p>','2017-09-15T15:00:15-07:00','2017-09-15T15:00:18-07:00','2021-06-24T08:38:30-07:00','Brand','Mug'),(5,'Offensive Tote Bag','brand-offensive-tote','<p>Offensive Tote Bag</p>','2017-09-15T15:00:10-07:00','2017-09-15T15:00:12-07:00','2021-06-24T08:38:30-07:00','Brand','Tote Bag'),(6,'Offensive Onesie','brand-offensive-onesie','<p>Offensive Onesie</p>','2017-09-15T14:59:36-07:00','2017-09-15T14:59:39-07:00','2021-06-24T08:38:30-07:00','Brand','Kids/Infants'),(7,'Offensive Kid\'s Tee','brand-offensive-ktee','<p>Offensive Kid\'s Tee</p>','2017-09-15T14:59:32-07:00','2017-09-15T14:59:33-07:00','2021-06-24T08:38:30-07:00','Brand','Kids/Infants'),(8,'Offensive Tank Top','brand-offensive-tank','<p>Offensive Tank Top</p>','2017-09-15T14:59:28-07:00','2017-09-15T14:59:29-07:00','2021-06-25T06:10:03-07:00','Brand','Tank Top'),(9,'Offensive Women\'s Racerback Tank','brand-offensive-wracer','<p>Offensive Women\'s Racerback Tank</p>','2017-09-15T14:59:21-07:00','2017-09-15T14:59:23-07:00','2021-06-25T06:10:04-07:00','Brand','Women\'s Tank Top'),(10,'Offensive Women\'s V','brand-offensive-wv','<p>Offensive Women\'s V</p>','2017-09-15T14:59:13-07:00','2017-09-15T14:59:17-07:00','2021-06-23T13:48:08-07:00','Brand','Women\'s Tshirt'),(11,'Offensive Women\'s Tee','brand-offensive-wtee','<p>Offensive Women\'s Tee</p>','2017-09-15T14:59:06-07:00','2017-09-15T14:59:10-07:00','2021-06-24T08:38:30-07:00','Brand','Women\'s Tshirt'),(12,'Offensive Men\'s Tee','brand-offensive-mtee','<p>Offensive Men\'s Tee</p>','2017-09-15T14:58:33-07:00','2017-09-15T14:58:59-07:00','2021-06-25T06:10:03-07:00','DeezTeez','Tshirt'),(13,'Offensive Crewneck','brand-offensive-crew','<p>Offensive Crewneck</p>','2017-09-15T14:58:31-07:00','2017-09-15T14:58:33-07:00','2021-06-24T08:38:32-07:00','Brand','Sweatshirt'),(14,'Offensive Hoodie','brand-offensive-hoodie','<p>Offensive Hoodie</p>','2017-09-15T14:58:29-07:00','2017-09-15T14:58:30-07:00','2021-06-25T06:10:04-07:00','Brand','Sweatshirt'),(15,'Customer 4352 Mug','brand-cust4352-mug','<p>Customer 4352 Mug</p>','2017-09-15T13:35:45-07:00','2017-09-15T13:35:45-07:00','2021-06-25T06:10:08-07:00','Brand','Mug'),(16,'Customer 4352 Tank Top','brand-cust4352-tank','<p>Customer 4352 Tank Top</p>','2017-09-15T13:35:39-07:00','2017-09-15T13:35:40-07:00','2021-06-24T08:38:30-07:00','Brand','Tank Top'),(17,'Customer 4352 Women\'s Racerback Tank','brand-cust4352-wracer','<p>Customer 4352 Women\'s Racerback Tank</p>','2017-09-15T13:35:37-07:00','2017-09-15T13:35:38-07:00','2021-06-25T06:10:04-07:00','Brand','Women\'s Tank Top'),(18,'Customer 4352 Women\'s V','brand-cust4352-wv','<p>Customer 4352 Women\'s V</p>','2017-09-15T13:35:35-07:00','2017-09-15T13:35:35-07:00','2021-06-23T13:48:08-07:00','Brand','Women\'s Tshirt'),(19,'Customer 4352 Women\'s Tee','brand-cust4352-wtee','<p>Customer 4352 Women\'s Tee</p>','2017-09-15T13:35:32-07:00','2017-09-15T13:35:33-07:00','2021-06-25T06:10:04-07:00','Brand','Women\'s Tshirt'),(20,'Customer 4352 Men\'s Tee','brand-cust4352-mtee','<p>Customer 4352 Men\'s Tee</p>','2017-09-15T13:35:30-07:00','2017-09-15T13:35:31-07:00','2022-01-25T00:30:03-08:00','DeezTeez','Tshirt'),(21,'Customer 4352 Crewneck','brand-cust4352-crew','<p>Customer 4352 Crewneck</p>','2017-09-15T13:35:28-07:00','2017-09-15T13:35:29-07:00','2021-06-25T06:10:04-07:00','Brand','Sweatshirt'),(22,'Customer 4352 Hoodie','brand-cust4352-hoodie','<p>Customer 4352 Hoodie</p>','2017-09-15T13:35:27-07:00','2017-09-15T13:35:28-07:00','2021-06-24T08:38:32-07:00','Brand','Sweatshirt'),(23,'I\'ll Forgive You Mug','deez-forgiveyou-mug','<p>I\'ll Forgive You Mug</p>','2017-06-23T18:14:48-07:00','2017-06-23T18:14:48-07:00','2021-06-25T06:10:02-07:00','DeezTeez','Mug'),(24,'I\'ll Forgive You Tote Bag','deez-forgiveyou-tote','<p>I\'ll Forgive You Tote Bag</p>','2017-06-23T18:14:46-07:00','2017-06-23T18:14:47-07:00','2021-06-24T08:38:27-07:00','DeezTeez','Tote Bag'),(25,'I\'ll Forgive You Onesie','deez-forgiveyou-onesie','<p>I\'ll Forgive You Onesie</p>','2017-06-23T18:14:41-07:00','2017-06-23T18:14:45-07:00','2021-06-25T06:10:01-07:00','DeezTeez','Kids/Infants'),(26,'I\'ll Forgive You Kid\'s Tee','deez-forgiveyou-ktee','<p>I\'ll Forgive You Kid\'s Tee</p>','2017-06-23T18:14:38-07:00','2017-06-23T18:14:40-07:00','2021-06-25T06:10:02-07:00','DeezTeez','Kids/Infants'),(27,'I\'ll Forgive You Tank Top','deez-forgiveyou-tank','<p>I\'ll Forgive You Tank Top</p>','2017-06-23T18:14:36-07:00','2017-06-23T18:14:38-07:00','2021-06-23T13:48:06-07:00','DeezTeez','Tank Top'),(28,'I\'ll Forgive You Women\'s V','deez-forgiveyou-wv','<p>I\'ll Forgive You Women\'s V</p>','2017-06-23T18:14:31-07:00','2017-06-23T18:14:33-07:00','2021-06-24T08:38:29-07:00','DeezTeez','Women\'s Tshirt'),(29,'I\'ll Forgive You Women\'s Tee','deez-forgiveyou-wtee','<p>I\'ll Forgive You Women\'s Tee</p>','2017-06-23T18:14:29-07:00','2017-06-23T18:14:31-07:00','2021-06-25T06:10:05-07:00','DeezTeez','Women\'s Tshirt'),(30,'I\'ll Forgive You Men\'s Tee','deez-forgiveyou-mtee','<p>I\'ll Forgive You Men\'s Tee</p>','2017-06-23T18:14:20-07:00','2017-06-23T18:14:27-07:00','2021-11-11T16:15:01-08:00','DeezTeez','Tshirt');
/*!40000 ALTER TABLE `product` ENABLE KEYS */;
UNLOCK TABLES;

--
-- Table structure for table `product_image`
--

DROP TABLE IF EXISTS `product_image`;
/*!40101 SET @saved_cs_client     = @@character_set_client */;
/*!50503 SET character_set_client = utf8mb4 */;
CREATE TABLE `product_image` (
  `id` int(11) NOT NULL AUTO_INCREMENT,
  `createdAt` varchar(255) NOT NULL,
  `position` int(11) NOT NULL,
  `updatedAt` varchar(255) NOT NULL,
  `src` varchar(255) NOT NULL,
  `width` int(11) DEFAULT NULL,
  `height` int(11) DEFAULT NULL,
  `productId` int(11) DEFAULT NULL,
  PRIMARY KEY (`id`),
  KEY `FK_40ca0cd115ef1ff35351bed8da2` (`productId`),
  CONSTRAINT `FK_40ca0cd115ef1ff35351bed8da2` FOREIGN KEY (`productId`) REFERENCES `product` (`id`) ON DELETE NO ACTION ON UPDATE NO ACTION
) ENGINE=InnoDB AUTO_INCREMENT=72 DEFAULT CHARSET=latin1;
/*!40101 SET character_set_client = @saved_cs_client */;

--
-- Dumping data for table `product_image`
--

LOCK TABLES `product_image` WRITE;
/*!40000 ALTER TABLE `product_image` DISABLE KEYS */;
INSERT INTO `product_image` VALUES (1,'2022-02-04T14:05:48-08:00',1,'2022-02-04T14:05:50-08:00','https://cdn.shopify.com/s/files/1/0797/7413/products/efukt-stickerpack-2.jpg?v=1644012350',1500,1500,1),(2,'2022-02-04T14:05:48-08:00',2,'2022-02-04T14:05:50-08:00','https://cdn.shopify.com/s/files/1/0797/7413/products/efukt-stickerpack-1.jpg?v=1644012350',1500,1500,1),(3,'2017-09-28T17:56:22-07:00',1,'2019-10-18T15:55:45-07:00','https://cdn.shopify.com/s/files/1/0797/7413/products/brand-playon-wtee-white.jpg?v=1571439345',1200,1200,2),(4,'2017-09-28T17:56:21-07:00',1,'2019-10-18T15:55:45-07:00','https://cdn.shopify.com/s/files/1/0797/7413/products/brand-playon-mtee-white.jpg?v=1571439345',1200,1200,3),(5,'2017-09-15T15:00:18-07:00',1,'2019-10-18T15:55:44-07:00','https://cdn.shopify.com/s/files/1/0797/7413/products/brand-offensive-mug-silver.jpg?v=1571439344',2000,2000,4),(6,'2017-09-15T15:00:18-07:00',2,'2019-10-18T15:55:44-07:00','https://cdn.shopify.com/s/files/1/0797/7413/products/brand-offensive-mug-white.jpg?v=1571439344',2000,2000,4),(7,'2017-09-15T15:00:13-07:00',1,'2019-10-18T15:55:44-07:00','https://cdn.shopify.com/s/files/1/0797/7413/products/brand-offensive-tote-natural.jpg?v=1571439344',1200,1200,5),(8,'2017-09-15T14:59:40-07:00',1,'2019-10-18T15:55:44-07:00','https://cdn.shopify.com/s/files/1/0797/7413/products/brand-offensive-onesie-heather.jpg?v=1571439344',1200,1200,6),(9,'2017-09-15T14:59:40-07:00',2,'2019-10-18T15:55:44-07:00','https://cdn.shopify.com/s/files/1/0797/7413/products/brand-offensive-onesie-white.jpg?v=1571439344',1200,1200,6),(10,'2017-09-15T14:59:40-07:00',3,'2019-10-18T15:55:44-07:00','https://cdn.shopify.com/s/files/1/0797/7413/products/brand-offensive-onesie-baby.jpg?v=1571439344',1200,1200,6),(11,'2017-09-15T14:59:40-07:00',4,'2019-10-18T15:55:44-07:00','https://cdn.shopify.com/s/files/1/0797/7413/products/brand-offensive-onesie-pink.jpg?v=1571439344',1200,1200,6),(12,'2017-09-15T14:59:33-07:00',1,'2019-10-18T15:55:44-07:00','https://cdn.shopify.com/s/files/1/0797/7413/products/brand-offensive-ktee-white.jpg?v=1571439344',1200,1200,7),(13,'2017-09-15T14:59:33-07:00',2,'2019-10-18T15:55:44-07:00','https://cdn.shopify.com/s/files/1/0797/7413/products/brand-offensive-ktee-heather.jpg?v=1571439344',1200,1200,7),(14,'2017-09-15T14:59:29-07:00',1,'2019-10-18T15:55:44-07:00','https://cdn.shopify.com/s/files/1/0797/7413/products/brand-offensive-tank-heather.jpg?v=1571439344',1200,1200,8),(15,'2017-09-15T14:59:29-07:00',2,'2019-10-18T15:55:44-07:00','https://cdn.shopify.com/s/files/1/0797/7413/products/brand-offensive-tank-white.jpg?v=1571439344',1200,1200,8),(16,'2017-09-15T14:59:23-07:00',1,'2019-10-18T15:55:44-07:00','https://cdn.shopify.com/s/files/1/0797/7413/products/brand-offensive-wracer-heather.jpg?v=1571439344',1200,1200,9),(17,'2017-09-15T14:59:23-07:00',2,'2019-10-18T15:55:44-07:00','https://cdn.shopify.com/s/files/1/0797/7413/products/brand-offensive-wracer-white.jpg?v=1571439344',1200,1200,9),(18,'2017-09-15T14:59:23-07:00',3,'2019-10-18T15:55:44-07:00','https://cdn.shopify.com/s/files/1/0797/7413/products/brand-offensive-wracer-hotpink.jpg?v=1571439344',1200,1200,9),(19,'2017-09-15T14:59:23-07:00',4,'2019-10-18T15:55:44-07:00','https://cdn.shopify.com/s/files/1/0797/7413/products/brand-offensive-wracer-turquoise.jpg?v=1571439344',1200,1200,9),(20,'2017-09-15T14:59:17-07:00',1,'2019-10-18T15:55:44-07:00','https://cdn.shopify.com/s/files/1/0797/7413/products/brand-offensive-wv-ash.jpg?v=1571439344',1200,1200,10),(21,'2017-09-15T14:59:17-07:00',2,'2019-10-18T15:55:44-07:00','https://cdn.shopify.com/s/files/1/0797/7413/products/brand-offensive-wv-white.jpg?v=1571439344',1200,1200,10),(22,'2017-09-15T14:59:17-07:00',3,'2019-10-18T15:55:44-07:00','https://cdn.shopify.com/s/files/1/0797/7413/products/brand-offensive-wv-lightpink.jpg?v=1571439344',1200,1200,10),(23,'2017-09-15T14:59:17-07:00',4,'2019-10-18T15:55:44-07:00','https://cdn.shopify.com/s/files/1/0797/7413/products/brand-offensive-wv-red.jpg?v=1571439344',1200,1200,10),(24,'2017-09-15T14:59:10-07:00',1,'2019-10-18T15:55:44-07:00','https://cdn.shopify.com/s/files/1/0797/7413/products/brand-offensive-wtee-lightpink.jpg?v=1571439344',1200,1200,11),(25,'2017-09-15T14:59:10-07:00',2,'2019-10-18T15:55:44-07:00','https://cdn.shopify.com/s/files/1/0797/7413/products/brand-offensive-wtee-white.jpg?v=1571439344',1200,1200,11),(26,'2017-09-15T14:59:10-07:00',3,'2019-10-18T15:55:44-07:00','https://cdn.shopify.com/s/files/1/0797/7413/products/brand-offensive-wtee-heather.jpg?v=1571439344',1200,1200,11),(27,'2017-09-15T14:59:10-07:00',4,'2019-10-18T15:55:44-07:00','https://cdn.shopify.com/s/files/1/0797/7413/products/brand-offensive-wtee-red.jpg?v=1571439344',1200,1200,11),(28,'2017-09-15T14:58:59-07:00',1,'2019-10-18T15:55:44-07:00','https://cdn.shopify.com/s/files/1/0797/7413/products/brand-offensive-mtee-red.jpg?v=1571439344',1200,1200,12),(29,'2017-09-15T14:58:59-07:00',2,'2019-10-18T15:55:44-07:00','https://cdn.shopify.com/s/files/1/0797/7413/products/brand-offensive-mtee-white.jpg?v=1571439344',1200,1200,12),(30,'2017-09-15T14:58:59-07:00',3,'2019-10-18T15:55:44-07:00','https://cdn.shopify.com/s/files/1/0797/7413/products/brand-offensive-mtee-baby.jpg?v=1571439344',1200,1200,12),(31,'2017-09-15T14:58:59-07:00',4,'2019-10-18T15:55:44-07:00','https://cdn.shopify.com/s/files/1/0797/7413/products/brand-offensive-mtee-gold.jpg?v=1571439344',1200,1200,12),(32,'2017-09-15T14:58:59-07:00',5,'2019-10-18T15:55:44-07:00','https://cdn.shopify.com/s/files/1/0797/7413/products/brand-offensive-mtee-heather.jpg?v=1571439344',1200,1200,12),(33,'2017-09-15T14:58:59-07:00',6,'2019-10-18T15:55:44-07:00','https://cdn.shopify.com/s/files/1/0797/7413/products/brand-offensive-mtee-kelly.jpg?v=1571439344',1200,1200,12),(34,'2017-09-15T14:58:59-07:00',7,'2019-10-18T15:55:44-07:00','https://cdn.shopify.com/s/files/1/0797/7413/products/brand-offensive-mtee-pink.jpg?v=1571439344',1200,1200,12),(35,'2017-09-15T14:58:59-07:00',8,'2019-10-18T15:55:44-07:00','https://cdn.shopify.com/s/files/1/0797/7413/products/brand-offensive-mtee-silver.jpg?v=1571439344',1200,1200,12),(36,'2017-09-15T14:58:59-07:00',9,'2019-10-18T15:55:44-07:00','https://cdn.shopify.com/s/files/1/0797/7413/products/brand-offensive-mtee-tan.jpg?v=1571439344',1200,1200,12),(37,'2017-09-15T14:58:33-07:00',1,'2019-10-18T15:55:44-07:00','https://cdn.shopify.com/s/files/1/0797/7413/products/brand-offensive-crew-heather.jpg?v=1571439344',1200,1200,13),(38,'2017-09-15T14:58:30-07:00',1,'2019-10-18T15:55:44-07:00','https://cdn.shopify.com/s/files/1/0797/7413/products/brand-offensive-hoodie-heather.jpg?v=1571439344',1200,1200,14),(39,'2017-09-15T13:35:45-07:00',1,'2019-10-18T15:55:44-07:00','https://cdn.shopify.com/s/files/1/0797/7413/products/brand-cust4352-mug-white.jpg?v=1571439344',1200,1200,15),(40,'2017-09-15T13:35:40-07:00',1,'2019-10-18T15:55:44-07:00','https://cdn.shopify.com/s/files/1/0797/7413/products/brand-cust4352-tank-white.jpg?v=1571439344',1200,1200,16),(41,'2017-09-15T13:35:40-07:00',2,'2019-10-18T15:55:44-07:00','https://cdn.shopify.com/s/files/1/0797/7413/products/brand-cust4352-tank-heather.jpg?v=1571439344',1200,1200,16),(42,'2017-09-15T13:35:38-07:00',1,'2019-10-18T15:55:44-07:00','https://cdn.shopify.com/s/files/1/0797/7413/products/brand-cust4352-wracer-heather.jpg?v=1571439344',1200,1200,17),(43,'2017-09-15T13:35:38-07:00',2,'2019-10-18T15:55:44-07:00','https://cdn.shopify.com/s/files/1/0797/7413/products/brand-cust4352-wracer-white.jpg?v=1571439344',1200,1200,17),(44,'2017-09-15T13:35:36-07:00',1,'2019-10-18T15:55:44-07:00','https://cdn.shopify.com/s/files/1/0797/7413/products/brand-cust4352-wv-white.jpg?v=1571439344',1200,1200,18),(45,'2017-09-15T13:35:36-07:00',2,'2019-10-18T15:55:44-07:00','https://cdn.shopify.com/s/files/1/0797/7413/products/brand-cust4352-wv-ash.jpg?v=1571439344',1200,1200,18),(46,'2017-09-15T13:35:33-07:00',1,'2019-10-18T15:55:44-07:00','https://cdn.shopify.com/s/files/1/0797/7413/products/brand-cust4352-wtee-heather.jpg?v=1571439344',1200,1200,19),(47,'2017-09-15T13:35:33-07:00',2,'2019-10-18T15:55:44-07:00','https://cdn.shopify.com/s/files/1/0797/7413/products/brand-cust4352-wtee-white.jpg?v=1571439344',1200,1200,19),(48,'2017-09-15T13:35:31-07:00',1,'2019-10-18T15:55:44-07:00','https://cdn.shopify.com/s/files/1/0797/7413/products/brand-cust4352-mtee-heather.jpg?v=1571439344',1200,1200,20),(49,'2017-09-15T13:35:31-07:00',2,'2019-10-18T15:55:44-07:00','https://cdn.shopify.com/s/files/1/0797/7413/products/brand-cust4352-mtee-white.jpg?v=1571439344',1200,1200,20),(50,'2017-09-15T13:35:29-07:00',1,'2019-10-18T15:55:44-07:00','https://cdn.shopify.com/s/files/1/0797/7413/products/brand-cust4352-crew-heather.jpg?v=1571439344',1200,1200,21),(51,'2017-09-15T13:35:28-07:00',1,'2019-10-18T15:55:44-07:00','https://cdn.shopify.com/s/files/1/0797/7413/products/brand-cust4352-hoodie-heather.jpg?v=1571439344',1200,1200,22),(52,'2017-06-23T18:14:49-07:00',1,'2019-10-18T15:55:44-07:00','https://cdn.shopify.com/s/files/1/0797/7413/products/deez-forgiveyou-mug-white.jpg?v=1571439344',1200,1200,23),(53,'2017-06-23T18:14:47-07:00',1,'2019-10-18T15:55:44-07:00','https://cdn.shopify.com/s/files/1/0797/7413/products/deez-forgiveyou-tote-natural.jpg?v=1571439344',1200,1200,24),(54,'2017-06-23T18:14:45-07:00',1,'2019-10-18T15:55:44-07:00','https://cdn.shopify.com/s/files/1/0797/7413/products/deez-forgiveyou-onesie-white.jpg?v=1571439344',1200,1200,25),(55,'2017-06-23T18:14:45-07:00',2,'2019-10-18T15:55:44-07:00','https://cdn.shopify.com/s/files/1/0797/7413/products/deez-forgiveyou-onesie-baby.jpg?v=1571439344',1200,1200,25),(56,'2017-06-23T18:14:45-07:00',3,'2019-10-18T15:55:44-07:00','https://cdn.shopify.com/s/files/1/0797/7413/products/deez-forgiveyou-onesie-heather.jpg?v=1571439344',1200,1200,25),(57,'2017-06-23T18:14:45-07:00',4,'2019-10-18T15:55:44-07:00','https://cdn.shopify.com/s/files/1/0797/7413/products/deez-forgiveyou-onesie-pink.jpg?v=1571439344',1200,1200,25),(58,'2017-06-23T18:14:40-07:00',1,'2019-10-18T15:55:44-07:00','https://cdn.shopify.com/s/files/1/0797/7413/products/deez-forgiveyou-ktee-white.jpg?v=1571439344',1200,1200,26),(59,'2017-06-23T18:14:40-07:00',2,'2019-10-18T15:55:44-07:00','https://cdn.shopify.com/s/files/1/0797/7413/products/deez-forgiveyou-ktee-heather.jpg?v=1571439344',1200,1200,26),(60,'2017-06-23T18:14:38-07:00',1,'2019-10-18T15:55:44-07:00','https://cdn.shopify.com/s/files/1/0797/7413/products/deez-forgiveyou-tank-white.jpg?v=1571439344',1200,1200,27),(61,'2017-06-23T18:14:38-07:00',2,'2019-10-18T15:55:44-07:00','https://cdn.shopify.com/s/files/1/0797/7413/products/deez-forgiveyou-tank-heather.jpg?v=1571439344',1200,1200,27),(62,'2017-06-23T18:14:33-07:00',1,'2019-10-18T15:55:44-07:00','https://cdn.shopify.com/s/files/1/0797/7413/products/deez-forgiveyou-wv-white.jpg?v=1571439344',1200,1200,28),(63,'2017-06-23T18:14:33-07:00',2,'2019-10-18T15:55:44-07:00','https://cdn.shopify.com/s/files/1/0797/7413/products/deez-forgiveyou-wv-ash.jpg?v=1571439344',1200,1200,28),(64,'2017-06-23T18:14:31-07:00',1,'2019-10-18T15:55:44-07:00','https://cdn.shopify.com/s/files/1/0797/7413/products/deez-forgiveyou-wtee-white.jpg?v=1571439344',1200,1200,29),(65,'2017-06-23T18:14:31-07:00',2,'2019-10-18T15:55:44-07:00','https://cdn.shopify.com/s/files/1/0797/7413/products/deez-forgiveyou-wtee-heather.jpg?v=1571439344',1200,1200,29),(66,'2017-06-23T18:14:27-07:00',1,'2019-10-18T15:55:44-07:00','https://cdn.shopify.com/s/files/1/0797/7413/products/deez-forgiveyou-mtee-heather.jpg?v=1571439344',1200,1200,30),(67,'2017-06-23T18:14:27-07:00',2,'2019-10-18T15:55:44-07:00','https://cdn.shopify.com/s/files/1/0797/7413/products/deez-forgiveyou-mtee-white.jpg?v=1571439344',1200,1200,30),(68,'2017-06-23T18:14:27-07:00',3,'2019-10-18T15:55:44-07:00','https://cdn.shopify.com/s/files/1/0797/7413/products/deez-forgiveyou-mtee-baby.jpg?v=1571439344',1200,1200,30),(69,'2017-06-23T18:14:27-07:00',4,'2019-10-18T15:55:44-07:00','https://cdn.shopify.com/s/files/1/0797/7413/products/deez-forgiveyou-mtee-pink.jpg?v=1571439344',1200,1200,30),(70,'2017-06-23T18:14:27-07:00',5,'2019-10-18T15:55:44-07:00','https://cdn.shopify.com/s/files/1/0797/7413/products/deez-forgiveyou-mtee-tan.jpg?v=1571439344',1200,1200,30),(71,'2017-06-23T18:14:27-07:00',6,'2019-10-18T15:55:44-07:00','https://cdn.shopify.com/s/files/1/0797/7413/products/deez-forgiveyou-mtee-yellow.jpg?v=1571439344',1200,1200,30);
/*!40000 ALTER TABLE `product_image` ENABLE KEYS */;
UNLOCK TABLES;

--
-- Table structure for table `product_option`
--

DROP TABLE IF EXISTS `product_option`;
/*!40101 SET @saved_cs_client     = @@character_set_client */;
/*!50503 SET character_set_client = utf8mb4 */;
CREATE TABLE `product_option` (
  `id` int(11) NOT NULL AUTO_INCREMENT,
  `name` varchar(255) NOT NULL,
  `position` int(11) NOT NULL,
  `values` varchar(255) NOT NULL,
  `productId` int(11) DEFAULT NULL,
  PRIMARY KEY (`id`),
  KEY `FK_2ca1aab0a82e9c0058d8465ad02` (`productId`),
  CONSTRAINT `FK_2ca1aab0a82e9c0058d8465ad02` FOREIGN KEY (`productId`) REFERENCES `product` (`id`) ON DELETE NO ACTION ON UPDATE NO ACTION
) ENGINE=InnoDB AUTO_INCREMENT=60 DEFAULT CHARSET=latin1;
/*!40101 SET character_set_client = @saved_cs_client */;

--
-- Dumping data for table `product_option`
--

LOCK TABLES `product_option` WRITE;
/*!40000 ALTER TABLE `product_option` DISABLE KEYS */;
INSERT INTO `product_option` VALUES (1,'Title',1,'Default Title',1),(2,'Color',1,'White',2),(3,'Size',2,'Small,Medium,Large,XL,2XL',2),(4,'Color',1,'White',3),(5,'Size',2,'Small,Medium,Large,XL,2XL,3XL',3),(6,'Color',1,'White,Silver',4),(7,'Size',2,'11oz',4),(8,'Color',1,'Natural',5),(9,'Size',2,'One-size',5),(10,'Color',1,'White,Baby Blue,Heather Grey,Pink',6),(11,'Size',2,'Newborn,6M,12M,18M,24M',6),(12,'Color',1,'White,Heather Grey',7),(13,'Size',2,'Size 2,Size 3,Size 4,Size 5/6',7),(14,'Color',1,'White,Heather Grey',8),(15,'Size',2,'Small,Medium,Large,XL,2XL',8),(16,'Color',1,'White,Heather Gray,Hot Pink,Turquoise',9),(17,'Size',2,'Small,Medium,Large,XL,2XL',9),(18,'Color',1,'White,Ash,Light Pink,Red',10),(19,'Size',2,'Small,Medium,Large,XL,2XL',10),(20,'Color',1,'White,Heather Gray,Light Pink,Red',11),(21,'Size',2,'Small,Medium,Large,XL,2XL',11),(22,'Color',1,'White,Baby Blue,Gold,Heather Grey,Kelly Green,Pink,Red,Silver,Tan',12),(23,'Size',2,'Small,Medium,Large,XL,2XL,3XL',12),(24,'Color',1,'Heather Grey',13),(25,'Size',2,'Small,Medium,Large,XL,2XL,3XL',13),(26,'Color',1,'Heather Grey',14),(27,'Size',2,'Small,Medium,Large,XL,2XL,3XL',14),(28,'Color',1,'White',15),(29,'Size',2,'11oz',15),(30,'Color',1,'White,Heather Grey',16),(31,'Size',2,'Small,Medium,Large,XL,2XL',16),(32,'Color',1,'White,Heather Gray',17),(33,'Size',2,'Small,Medium,Large,XL,2XL',17),(34,'Color',1,'White,Ash',18),(35,'Size',2,'Small,Medium,Large,XL,2XL',18),(36,'Color',1,'White,Heather Gray',19),(37,'Size',2,'Small,Medium,Large,XL,2XL',19),(38,'Color',1,'White,Heather Grey',20),(39,'Size',2,'Small,Medium,Large,XL,2XL,3XL',20),(40,'Color',1,'Heather Grey',21),(41,'Size',2,'Small,Medium,Large,XL,2XL,3XL',21),(42,'Color',1,'Heather Grey',22),(43,'Size',2,'Small,Medium,Large,XL,2XL,3XL',22),(44,'Color',1,'White',23),(45,'Size',2,'11oz',23),(46,'Color',1,'Natural',24),(47,'Size',2,'One-size',24),(48,'Color',1,'White,Baby Blue,Heather Grey,Pink',25),(49,'Size',2,'Newborn,6M,12M,18M,24M',25),(50,'Color',1,'White,Heather Grey',26),(51,'Size',2,'Size 2,Size 3,Size 4,Size 5/6',26),(52,'Color',1,'White,Heather Grey',27),(53,'Size',2,'Small,Medium,Large,XL,2XL',27),(54,'Color',1,'White,Ash',28),(55,'Size',2,'Small,Medium,Large,XL,2XL',28),(56,'Color',1,'White,Heather Gray',29),(57,'Size',2,'Small,Medium,Large,XL,2XL',29),(58,'Color',1,'White,Baby Blue,Heather Grey,Pink,Tan,Yellow',30),(59,'Size',2,'Small,Medium,Large,XL,2XL,3XL',30);
/*!40000 ALTER TABLE `product_option` ENABLE KEYS */;
UNLOCK TABLES;

--
-- Table structure for table `product_variant`
--

DROP TABLE IF EXISTS `product_variant`;
/*!40101 SET @saved_cs_client     = @@character_set_client */;
/*!50503 SET character_set_client = utf8mb4 */;
CREATE TABLE `product_variant` (
  `id` int(11) NOT NULL AUTO_INCREMENT,
  `title` varchar(255) NOT NULL,
  `option1` varchar(255) DEFAULT NULL,
  `option2` varchar(255) DEFAULT NULL,
  `option3` varchar(255) DEFAULT NULL,
  `sku` varchar(255) NOT NULL,
  `requiresShipping` tinyint(4) NOT NULL,
  `taxable` tinyint(4) NOT NULL,
  `featuredImage` varchar(255) DEFAULT NULL,
  `available` tinyint(4) NOT NULL,
  `price` int(11) NOT NULL,
  `grams` int(11) NOT NULL,
  `compareAtPrice` varchar(255) DEFAULT NULL,
  `position` int(11) NOT NULL,
  `createdAt` varchar(255) NOT NULL,
  `updatedAt` varchar(255) NOT NULL,
  `productId` int(11) DEFAULT NULL,
  PRIMARY KEY (`id`),
  KEY `FK_6e420052844edf3a5506d863ce6` (`productId`),
  CONSTRAINT `FK_6e420052844edf3a5506d863ce6` FOREIGN KEY (`productId`) REFERENCES `product` (`id`) ON DELETE NO ACTION ON UPDATE NO ACTION
) ENGINE=InnoDB AUTO_INCREMENT=341 DEFAULT CHARSET=latin1;
/*!40101 SET character_set_client = @saved_cs_client */;

--
-- Dumping data for table `product_variant`
--

LOCK TABLES `product_variant` WRITE;
/*!40000 ALTER TABLE `product_variant` DISABLE KEYS */;
INSERT INTO `product_variant` VALUES (1,'Default Title','Default Title',NULL,NULL,'efukt-classicnew-sticker-pack-5pack',1,1,NULL,1,8,85,NULL,1,'2022-02-04T14:05:21-08:00','2022-06-23T20:10:55-07:00',1),(2,'White / Small','White','Small',NULL,'brand-playon-wtee-white-sm',1,1,NULL,1,20,366,NULL,1,'2017-09-28T17:56:22-07:00','2018-09-11T17:36:07-07:00',2),(3,'White / Medium','White','Medium',NULL,'brand-playon-wtee-white-md',1,1,NULL,1,20,366,NULL,2,'2017-09-28T17:56:23-07:00','2018-09-11T17:36:12-07:00',2),(4,'White / Large','White','Large',NULL,'brand-playon-wtee-white-lg',1,1,NULL,1,20,366,NULL,3,'2017-09-28T17:56:23-07:00','2018-09-11T17:36:12-07:00',2),(5,'White / XL','White','XL',NULL,'brand-playon-wtee-white-xl',1,1,NULL,1,20,366,NULL,4,'2017-09-28T17:56:23-07:00','2018-09-11T17:36:07-07:00',2),(6,'White / 2XL','White','2XL',NULL,'brand-playon-wtee-white-2xl',1,1,NULL,1,25,366,NULL,5,'2017-09-28T17:56:23-07:00','2018-09-11T17:36:12-07:00',2),(7,'White / Small','White','Small',NULL,'brand-playon-mtee-white-sm',1,1,NULL,1,20,142,NULL,1,'2017-09-28T17:56:21-07:00','2018-09-11T17:36:12-07:00',3),(8,'White / Medium','White','Medium',NULL,'brand-playon-mtee-white-md',1,1,NULL,1,20,170,NULL,2,'2017-09-28T17:56:21-07:00','2018-09-11T17:36:12-07:00',3),(9,'White / Large','White','Large',NULL,'brand-playon-mtee-white-lg',1,1,NULL,1,20,170,NULL,3,'2017-09-28T17:56:21-07:00','2018-09-11T17:36:07-07:00',3),(10,'White / XL','White','XL',NULL,'brand-playon-mtee-white-xl',1,1,NULL,1,20,198,NULL,4,'2017-09-28T17:56:21-07:00','2018-09-11T17:36:12-07:00',3),(11,'White / 2XL','White','2XL',NULL,'brand-playon-mtee-white-2xl',1,1,NULL,1,20,227,NULL,5,'2017-09-28T17:56:21-07:00','2018-09-11T17:36:12-07:00',3),(12,'White / 3XL','White','3XL',NULL,'brand-playon-mtee-white-3xl',1,1,NULL,1,20,255,NULL,6,'2017-09-28T17:56:21-07:00','2018-09-11T17:36:07-07:00',3),(13,'White / 11oz','White','11oz',NULL,'brand-offensive-mug-white-11oz',1,1,NULL,0,20,227,NULL,1,'2017-09-15T15:00:18-07:00','2021-05-26T17:58:11-07:00',4),(14,'Silver / 11oz','Silver','11oz',NULL,'brand-offensive-mug-silver-11oz',1,1,NULL,0,20,227,NULL,2,'2017-09-15T15:00:18-07:00','2021-05-26T17:58:12-07:00',4),(15,'Natural / One-size','Natural','One-size',NULL,'brand-offensive-tote-natural-os',1,1,NULL,1,20,227,NULL,1,'2017-09-15T15:00:13-07:00','2018-09-11T17:15:33-07:00',5),(16,'White / Newborn','White','Newborn',NULL,'brand-offensive-onesie-white-nb',1,1,NULL,1,18,113,NULL,1,'2017-09-15T14:59:40-07:00','2018-09-11T17:15:41-07:00',6),(17,'White / 6M','White','6M',NULL,'brand-offensive-onesie-white-6m',1,1,NULL,1,18,142,NULL,2,'2017-09-15T14:59:40-07:00','2018-09-11T17:15:33-07:00',6),(18,'White / 12M','White','12M',NULL,'brand-offensive-onesie-white-12m',1,1,NULL,1,18,142,NULL,3,'2017-09-15T14:59:40-07:00','2018-09-11T17:15:33-07:00',6),(19,'White / 18M','White','18M',NULL,'brand-offensive-onesie-white-18m',1,1,NULL,1,18,170,NULL,4,'2017-09-15T14:59:40-07:00','2018-09-11T17:15:41-07:00',6),(20,'White / 24M','White','24M',NULL,'brand-offensive-onesie-white-24m',1,1,NULL,1,18,198,NULL,5,'2017-09-15T14:59:40-07:00','2018-09-11T17:15:33-07:00',6),(21,'Baby Blue / Newborn','Baby Blue','Newborn',NULL,'brand-offensive-onesie-baby-nb',1,1,NULL,1,18,113,NULL,6,'2017-09-15T14:59:40-07:00','2018-09-11T17:15:33-07:00',6),(22,'Baby Blue / 6M','Baby Blue','6M',NULL,'brand-offensive-onesie-baby-6m',1,1,NULL,1,18,142,NULL,7,'2017-09-15T14:59:40-07:00','2018-09-11T17:15:41-07:00',6),(23,'Baby Blue / 12M','Baby Blue','12M',NULL,'brand-offensive-onesie-baby-12m',1,1,NULL,1,18,142,NULL,8,'2017-09-15T14:59:40-07:00','2018-09-11T17:15:33-07:00',6),(24,'Baby Blue / 18M','Baby Blue','18M',NULL,'brand-offensive-onesie-baby-18m',1,1,NULL,1,18,170,NULL,9,'2017-09-15T14:59:40-07:00','2018-09-11T17:15:33-07:00',6),(25,'Baby Blue / 24M','Baby Blue','24M',NULL,'brand-offensive-onesie-baby-24m',1,1,NULL,1,18,198,NULL,10,'2017-09-15T14:59:40-07:00','2018-09-11T17:15:33-07:00',6),(26,'Heather Grey / Newborn','Heather Grey','Newborn',NULL,'brand-offensive-onesie-heather-nb',1,1,NULL,1,18,113,NULL,11,'2017-09-15T14:59:40-07:00','2018-09-11T17:15:41-07:00',6),(27,'Heather Grey / 6M','Heather Grey','6M',NULL,'brand-offensive-onesie-heather-6m',1,1,NULL,1,18,142,NULL,12,'2017-09-15T14:59:40-07:00','2018-09-11T17:15:33-07:00',6),(28,'Heather Grey / 12M','Heather Grey','12M',NULL,'brand-offensive-onesie-heather-12m',1,1,NULL,1,18,142,NULL,13,'2017-09-15T14:59:40-07:00','2018-09-11T17:15:33-07:00',6),(29,'Heather Grey / 18M','Heather Grey','18M',NULL,'brand-offensive-onesie-heather-18m',1,1,NULL,1,18,170,NULL,14,'2017-09-15T14:59:41-07:00','2018-09-11T17:15:41-07:00',6),(30,'Heather Grey / 24M','Heather Grey','24M',NULL,'brand-offensive-onesie-heather-24m',1,1,NULL,1,18,198,NULL,15,'2017-09-15T14:59:41-07:00','2018-09-11T17:15:33-07:00',6),(31,'Pink / Newborn','Pink','Newborn',NULL,'brand-offensive-onesie-pink-nb',1,1,NULL,1,18,113,NULL,16,'2017-09-15T14:59:41-07:00','2018-09-11T17:15:33-07:00',6),(32,'Pink / 6M','Pink','6M',NULL,'brand-offensive-onesie-pink-6m',1,1,NULL,1,18,142,NULL,17,'2017-09-15T14:59:41-07:00','2018-09-11T17:15:41-07:00',6),(33,'Pink / 12M','Pink','12M',NULL,'brand-offensive-onesie-pink-12m',1,1,NULL,1,18,142,NULL,18,'2017-09-15T14:59:41-07:00','2018-09-11T17:15:33-07:00',6),(34,'Pink / 18M','Pink','18M',NULL,'brand-offensive-onesie-pink-18m',1,1,NULL,1,18,170,NULL,19,'2017-09-15T14:59:41-07:00','2018-09-11T17:15:33-07:00',6),(35,'Pink / 24M','Pink','24M',NULL,'brand-offensive-onesie-pink-24m',1,1,NULL,1,18,198,NULL,20,'2017-09-15T14:59:41-07:00','2018-09-11T17:15:41-07:00',6),(36,'White / Size 2','White','Size 2',NULL,'brand-offensive-ktee-white-2',1,1,NULL,1,18,113,NULL,1,'2017-09-15T14:59:33-07:00','2018-09-11T17:15:41-07:00',7),(37,'White / Size 3','White','Size 3',NULL,'brand-offensive-ktee-white-3',1,1,NULL,1,18,142,NULL,2,'2017-09-15T14:59:34-07:00','2018-09-11T17:15:33-07:00',7),(38,'White / Size 4','White','Size 4',NULL,'brand-offensive-ktee-white-4',1,1,NULL,1,18,142,NULL,3,'2017-09-15T14:59:34-07:00','2018-09-11T17:15:33-07:00',7),(39,'White / Size 5/6','White','Size 5/6',NULL,'brand-offensive-ktee-white-56',1,1,NULL,1,18,170,NULL,4,'2017-09-15T14:59:34-07:00','2018-09-11T17:15:41-07:00',7),(40,'Heather Grey / Size 2','Heather Grey','Size 2',NULL,'brand-offensive-ktee-heather-2',1,1,NULL,1,18,113,NULL,5,'2017-09-15T14:59:34-07:00','2018-09-11T17:15:41-07:00',7),(41,'Heather Grey / Size 3','Heather Grey','Size 3',NULL,'brand-offensive-ktee-heather-3',1,1,NULL,1,18,142,NULL,6,'2017-09-15T14:59:34-07:00','2018-09-11T17:15:33-07:00',7),(42,'Heather Grey / Size 4','Heather Grey','Size 4',NULL,'brand-offensive-ktee-heather-4',1,1,NULL,1,18,142,NULL,7,'2017-09-15T14:59:34-07:00','2018-09-11T17:15:41-07:00',7),(43,'Heather Grey / Size 5/6','Heather Grey','Size 5/6',NULL,'brand-offensive-ktee-heather-56',1,1,NULL,1,18,170,NULL,8,'2017-09-15T14:59:34-07:00','2018-09-11T17:15:41-07:00',7),(44,'White / Small','White','Small',NULL,'brand-offensive-tank-white-sm',1,1,NULL,1,20,113,NULL,1,'2017-09-15T14:59:30-07:00','2018-09-11T17:15:33-07:00',8),(45,'White / Medium','White','Medium',NULL,'brand-offensive-tank-white-md',1,1,NULL,1,20,142,NULL,2,'2017-09-15T14:59:30-07:00','2018-09-11T17:15:41-07:00',8),(46,'White / Large','White','Large',NULL,'brand-offensive-tank-white-lg',1,1,NULL,1,20,142,NULL,3,'2017-09-15T14:59:30-07:00','2018-09-11T17:15:33-07:00',8),(47,'White / XL','White','XL',NULL,'brand-offensive-tank-white-xl',1,1,NULL,1,20,170,NULL,4,'2017-09-15T14:59:30-07:00','2018-09-11T17:15:33-07:00',8),(48,'White / 2XL','White','2XL',NULL,'brand-offensive-tank-white-2xl',1,1,NULL,1,20,198,NULL,5,'2017-09-15T14:59:30-07:00','2018-09-11T17:15:41-07:00',8),(49,'Heather Grey / Small','Heather Grey','Small',NULL,'brand-offensive-tank-heather-sm',1,1,NULL,1,20,113,NULL,6,'2017-09-15T14:59:30-07:00','2018-09-11T17:15:33-07:00',8),(50,'Heather Grey / Medium','Heather Grey','Medium',NULL,'brand-offensive-tank-heather-md',1,1,NULL,1,20,142,NULL,7,'2017-09-15T14:59:30-07:00','2018-09-11T17:15:33-07:00',8),(51,'Heather Grey / Large','Heather Grey','Large',NULL,'brand-offensive-tank-heather-lg',1,1,NULL,1,20,142,NULL,8,'2017-09-15T14:59:30-07:00','2018-09-11T17:15:41-07:00',8),(52,'Heather Grey / XL','Heather Grey','XL',NULL,'brand-offensive-tank-heather-xl',1,1,NULL,1,20,170,NULL,9,'2017-09-15T14:59:30-07:00','2018-09-11T17:15:33-07:00',8),(53,'Heather Grey / 2XL','Heather Grey','2XL',NULL,'brand-offensive-tank-heather-2xl',1,1,NULL,1,20,198,NULL,10,'2017-09-15T14:59:30-07:00','2018-09-11T17:15:33-07:00',8),(54,'White / Small','White','Small',NULL,'brand-offensive-wracer-white-sm',1,1,NULL,1,20,119,NULL,1,'2017-09-15T14:59:23-07:00','2018-09-11T17:15:33-07:00',9),(55,'White / Medium','White','Medium',NULL,'brand-offensive-wracer-white-md',1,1,NULL,1,20,139,NULL,2,'2017-09-15T14:59:23-07:00','2018-09-11T17:15:33-07:00',9),(56,'White / Large','White','Large',NULL,'brand-offensive-wracer-white-lg',1,1,NULL,1,20,159,NULL,3,'2017-09-15T14:59:23-07:00','2018-09-11T17:15:33-07:00',9),(57,'White / XL','White','XL',NULL,'brand-offensive-wracer-white-xl',1,1,NULL,1,20,179,NULL,4,'2017-09-15T14:59:24-07:00','2018-09-11T17:15:40-07:00',9),(58,'White / 2XL','White','2XL',NULL,'brand-offensive-wracer-white-2xl',1,1,NULL,1,20,201,NULL,5,'2017-09-15T14:59:24-07:00','2018-09-11T17:15:33-07:00',9),(59,'Heather Gray / Small','Heather Gray','Small',NULL,'brand-offensive-wracer-heather-sm',1,1,NULL,1,20,119,NULL,6,'2017-09-15T14:59:24-07:00','2018-09-11T17:15:40-07:00',9),(60,'Heather Gray / Medium','Heather Gray','Medium',NULL,'brand-offensive-wracer-heather-md',1,1,NULL,1,20,139,NULL,7,'2017-09-15T14:59:24-07:00','2018-09-11T17:15:33-07:00',9),(61,'Heather Gray / Large','Heather Gray','Large',NULL,'brand-offensive-wracer-heather-lg',1,1,NULL,1,20,159,NULL,8,'2017-09-15T14:59:24-07:00','2018-09-11T17:15:40-07:00',9),(62,'Heather Gray / XL','Heather Gray','XL',NULL,'brand-offensive-wracer-heather-xl',1,1,NULL,1,20,179,NULL,9,'2017-09-15T14:59:24-07:00','2018-09-11T17:15:40-07:00',9),(63,'Heather Gray / 2XL','Heather Gray','2XL',NULL,'brand-offensive-wracer-heather-2xl',1,1,NULL,1,20,201,NULL,10,'2017-09-15T14:59:24-07:00','2018-09-11T17:15:33-07:00',9),(64,'Hot Pink / Small','Hot Pink','Small',NULL,'brand-offensive-wracer-hotpink-sm',1,1,NULL,1,20,119,NULL,11,'2017-09-15T14:59:24-07:00','2018-09-11T17:15:33-07:00',9),(65,'Hot Pink / Medium','Hot Pink','Medium',NULL,'brand-offensive-wracer-hotpink-md',1,1,NULL,1,20,139,NULL,12,'2017-09-15T14:59:24-07:00','2018-09-11T17:15:33-07:00',9),(66,'Hot Pink / Large','Hot Pink','Large',NULL,'brand-offensive-wracer-hotpink-lg',1,1,NULL,1,20,159,NULL,13,'2017-09-15T14:59:24-07:00','2018-09-11T17:15:40-07:00',9),(67,'Hot Pink / XL','Hot Pink','XL',NULL,'brand-offensive-wracer-hotpink-xl',1,1,NULL,1,20,179,NULL,14,'2017-09-15T14:59:24-07:00','2018-09-11T17:15:33-07:00',9),(68,'Hot Pink / 2XL','Hot Pink','2XL',NULL,'brand-offensive-wracer-hotpink-2xl',1,1,NULL,1,20,201,NULL,15,'2017-09-15T14:59:24-07:00','2018-09-11T17:15:33-07:00',9),(69,'Turquoise / Small','Turquoise','Small',NULL,'brand-offensive-wracer-turquoise-sm',1,1,NULL,1,20,119,NULL,16,'2017-09-15T14:59:24-07:00','2018-09-11T17:15:40-07:00',9),(70,'Turquoise / Medium','Turquoise','Medium',NULL,'brand-offensive-wracer-turquoise-md',1,1,NULL,1,20,139,NULL,17,'2017-09-15T14:59:24-07:00','2018-09-11T17:15:33-07:00',9),(71,'Turquoise / Large','Turquoise','Large',NULL,'brand-offensive-wracer-turquoise-lg',1,1,NULL,1,20,159,NULL,18,'2017-09-15T14:59:24-07:00','2018-09-11T17:15:40-07:00',9),(72,'Turquoise / XL','Turquoise','XL',NULL,'brand-offensive-wracer-turquoise-xl',1,1,NULL,1,20,179,NULL,19,'2017-09-15T14:59:24-07:00','2018-09-11T17:15:40-07:00',9),(73,'Turquoise / 2XL','Turquoise','2XL',NULL,'brand-offensive-wracer-turquoise-2xl',1,1,NULL,1,20,201,NULL,20,'2017-09-15T14:59:24-07:00','2018-09-11T17:15:40-07:00',9),(74,'White / Small','White','Small',NULL,'brand-offensive-wv-white-sm',1,1,NULL,1,20,113,NULL,1,'2017-09-15T14:59:17-07:00','2018-09-11T17:15:40-07:00',10),(75,'White / Medium','White','Medium',NULL,'brand-offensive-wv-white-md',1,1,NULL,1,20,142,NULL,2,'2017-09-15T14:59:17-07:00','2018-09-11T17:15:33-07:00',10),(76,'White / Large','White','Large',NULL,'brand-offensive-wv-white-lg',1,1,NULL,1,20,142,NULL,3,'2017-09-15T14:59:17-07:00','2018-09-11T17:15:32-07:00',10),(77,'White / XL','White','XL',NULL,'brand-offensive-wv-white-xl',1,1,NULL,1,20,170,NULL,4,'2017-09-15T14:59:17-07:00','2018-09-11T17:15:40-07:00',10),(78,'White / 2XL','White','2XL',NULL,'brand-offensive-wv-white-2xl',1,1,NULL,1,20,198,NULL,5,'2017-09-15T14:59:17-07:00','2018-09-11T17:15:33-07:00',10),(79,'Ash / Small','Ash','Small',NULL,'brand-offensive-wv-ash-sm',1,1,NULL,1,20,113,NULL,6,'2017-09-15T14:59:17-07:00','2018-09-11T17:15:32-07:00',10),(80,'Ash / Medium','Ash','Medium',NULL,'brand-offensive-wv-ash-md',1,1,NULL,1,20,142,NULL,7,'2017-09-15T14:59:17-07:00','2018-09-11T17:15:40-07:00',10),(81,'Ash / Large','Ash','Large',NULL,'brand-offensive-wv-ash-lg',1,1,NULL,1,20,142,NULL,8,'2017-09-15T14:59:17-07:00','2018-09-11T17:15:33-07:00',10),(82,'Ash / XL','Ash','XL',NULL,'brand-offensive-wv-ash-xl',1,1,NULL,1,20,170,NULL,9,'2017-09-15T14:59:17-07:00','2018-09-11T17:15:32-07:00',10),(83,'Ash / 2XL','Ash','2XL',NULL,'brand-offensive-wv-ash-2xl',1,1,NULL,1,20,198,NULL,10,'2017-09-15T14:59:17-07:00','2018-09-11T17:15:33-07:00',10),(84,'Light Pink / Small','Light Pink','Small',NULL,'brand-offensive-wv-lightpink-sm',1,1,NULL,1,20,113,NULL,11,'2017-09-15T14:59:17-07:00','2018-09-11T17:15:32-07:00',10),(85,'Light Pink / Medium','Light Pink','Medium',NULL,'brand-offensive-wv-lightpink-md',1,1,NULL,1,20,142,NULL,12,'2017-09-15T14:59:17-07:00','2018-09-11T17:15:40-07:00',10),(86,'Light Pink / Large','Light Pink','Large',NULL,'brand-offensive-wv-lightpink-lg',1,1,NULL,1,20,142,NULL,13,'2017-09-15T14:59:17-07:00','2018-09-11T17:15:33-07:00',10),(87,'Light Pink / XL','Light Pink','XL',NULL,'brand-offensive-wv-lightpink-xl',1,1,NULL,1,20,170,NULL,14,'2017-09-15T14:59:17-07:00','2018-09-11T17:15:32-07:00',10),(88,'Light Pink / 2XL','Light Pink','2XL',NULL,'brand-offensive-wv-lightpink-2xl',1,1,NULL,1,20,198,NULL,15,'2017-09-15T14:59:17-07:00','2018-09-11T17:15:40-07:00',10),(89,'Red / Small','Red','Small',NULL,'brand-offensive-wv-red-sm',1,1,NULL,1,20,113,NULL,16,'2017-09-15T14:59:17-07:00','2018-09-11T17:15:33-07:00',10),(90,'Red / Medium','Red','Medium',NULL,'brand-offensive-wv-red-md',1,1,NULL,1,20,142,NULL,17,'2017-09-15T14:59:17-07:00','2018-09-11T17:15:32-07:00',10),(91,'Red / Large','Red','Large',NULL,'brand-offensive-wv-red-lg',1,1,NULL,1,20,142,NULL,18,'2017-09-15T14:59:18-07:00','2018-09-11T17:15:40-07:00',10),(92,'Red / XL','Red','XL',NULL,'brand-offensive-wv-red-xl',1,1,NULL,1,20,170,NULL,19,'2017-09-15T14:59:18-07:00','2018-09-11T17:15:33-07:00',10),(93,'Red / 2XL','Red','2XL',NULL,'brand-offensive-wv-red-2xl',1,1,NULL,1,20,198,NULL,20,'2017-09-15T14:59:18-07:00','2018-09-11T17:15:32-07:00',10),(94,'White / Small','White','Small',NULL,'brand-offensive-wtee-white-sm',1,1,NULL,1,20,130,NULL,1,'2017-09-15T14:59:10-07:00','2018-09-11T17:15:33-07:00',11),(95,'White / Medium','White','Medium',NULL,'brand-offensive-wtee-white-md',1,1,NULL,1,20,150,NULL,2,'2017-09-15T14:59:10-07:00','2018-09-11T17:15:32-07:00',11),(96,'White / Large','White','Large',NULL,'brand-offensive-wtee-white-lg',1,1,NULL,1,20,170,NULL,3,'2017-09-15T14:59:10-07:00','2018-09-11T17:15:40-07:00',11),(97,'White / XL','White','XL',NULL,'brand-offensive-wtee-white-xl',1,1,NULL,1,20,190,NULL,4,'2017-09-15T14:59:10-07:00','2018-09-11T17:15:33-07:00',11),(98,'White / 2XL','White','2XL',NULL,'brand-offensive-wtee-white-2xl',1,1,NULL,1,20,210,NULL,5,'2017-09-15T14:59:10-07:00','2018-09-11T17:15:32-07:00',11),(99,'Heather Gray / Small','Heather Gray','Small',NULL,'brand-offensive-wtee-heather-sm',1,1,NULL,1,20,130,NULL,6,'2017-09-15T14:59:10-07:00','2018-09-11T17:15:40-07:00',11),(100,'Heather Gray / Medium','Heather Gray','Medium',NULL,'brand-offensive-wtee-heather-md',1,1,NULL,1,20,150,NULL,7,'2017-09-15T14:59:10-07:00','2018-09-11T17:15:33-07:00',11),(101,'Heather Gray / Large','Heather Gray','Large',NULL,'brand-offensive-wtee-heather-lg',1,1,NULL,1,20,170,NULL,8,'2017-09-15T14:59:11-07:00','2018-09-11T17:15:32-07:00',11),(102,'Heather Gray / XL','Heather Gray','XL',NULL,'brand-offensive-wtee-heather-xl',1,1,NULL,1,20,190,NULL,9,'2017-09-15T14:59:11-07:00','2018-09-11T17:15:40-07:00',11),(103,'Heather Gray / 2XL','Heather Gray','2XL',NULL,'brand-offensive-wtee-heather-2xl',1,1,NULL,1,20,210,NULL,10,'2017-09-15T14:59:11-07:00','2018-09-11T17:15:33-07:00',11),(104,'Light Pink / Small','Light Pink','Small',NULL,'brand-offensive-wtee-lightpink-sm',1,1,NULL,1,20,130,NULL,11,'2017-09-15T14:59:11-07:00','2018-09-11T17:15:32-07:00',11),(105,'Light Pink / Medium','Light Pink','Medium',NULL,'brand-offensive-wtee-lightpink-md',1,1,NULL,1,20,150,NULL,12,'2017-09-15T14:59:11-07:00','2018-09-11T17:15:40-07:00',11),(106,'Light Pink / Large','Light Pink','Large',NULL,'brand-offensive-wtee-lightpink-lg',1,1,NULL,1,20,170,NULL,13,'2017-09-15T14:59:11-07:00','2018-09-11T17:15:33-07:00',11),(107,'Light Pink / XL','Light Pink','XL',NULL,'brand-offensive-wtee-lightpink-xl',1,1,NULL,1,20,190,NULL,14,'2017-09-15T14:59:11-07:00','2018-09-11T17:15:32-07:00',11),(108,'Light Pink / 2XL','Light Pink','2XL',NULL,'brand-offensive-wtee-lightpink-2xl',1,1,NULL,1,20,210,NULL,15,'2017-09-15T14:59:11-07:00','2018-09-11T17:15:40-07:00',11),(109,'Red / Small','Red','Small',NULL,'brand-offensive-wtee-red-sm',1,1,NULL,1,20,130,NULL,16,'2017-09-15T14:59:11-07:00','2018-09-11T17:15:33-07:00',11),(110,'Red / Medium','Red','Medium',NULL,'brand-offensive-wtee-red-md',1,1,NULL,1,20,150,NULL,17,'2017-09-15T14:59:11-07:00','2018-09-11T17:15:32-07:00',11),(111,'Red / Large','Red','Large',NULL,'brand-offensive-wtee-red-lg',1,1,NULL,1,20,170,NULL,18,'2017-09-15T14:59:11-07:00','2018-09-11T17:15:40-07:00',11),(112,'Red / XL','Red','XL',NULL,'brand-offensive-wtee-red-xl',1,1,NULL,1,20,190,NULL,19,'2017-09-15T14:59:11-07:00','2018-09-11T17:15:33-07:00',11),(113,'Red / 2XL','Red','2XL',NULL,'brand-offensive-wtee-red-2xl',1,1,NULL,1,20,210,NULL,20,'2017-09-15T14:59:11-07:00','2018-09-11T17:15:32-07:00',11),(114,'White / Small','White','Small',NULL,'brand-offensive-mtee-white-sm',1,1,NULL,1,20,142,NULL,1,'2017-09-15T14:58:59-07:00','2018-09-11T17:15:40-07:00',12),(115,'White / Medium','White','Medium',NULL,'brand-offensive-mtee-white-md',1,1,NULL,1,20,170,NULL,2,'2017-09-15T14:58:59-07:00','2020-04-12T16:59:40-07:00',12),(116,'White / Large','White','Large',NULL,'brand-offensive-mtee-white-lg',1,1,NULL,1,20,170,NULL,3,'2017-09-15T14:58:59-07:00','2018-09-11T17:15:32-07:00',12),(117,'White / XL','White','XL',NULL,'brand-offensive-mtee-white-xl',1,1,NULL,1,20,198,NULL,4,'2017-09-15T14:58:59-07:00','2018-09-11T17:15:40-07:00',12),(118,'White / 2XL','White','2XL',NULL,'brand-offensive-mtee-white-2xl',1,1,NULL,1,20,227,NULL,5,'2017-09-15T14:58:59-07:00','2018-09-11T17:15:33-07:00',12),(119,'White / 3XL','White','3XL',NULL,'brand-offensive-mtee-white-3xl',1,1,NULL,1,20,255,NULL,6,'2017-09-15T14:58:59-07:00','2018-09-11T17:15:32-07:00',12),(120,'Baby Blue / Small','Baby Blue','Small',NULL,'brand-offensive-mtee-baby-sm',1,1,NULL,1,20,142,NULL,7,'2017-09-15T14:58:59-07:00','2018-09-11T17:15:40-07:00',12),(121,'Baby Blue / Medium','Baby Blue','Medium',NULL,'brand-offensive-mtee-baby-md',1,1,NULL,1,20,170,NULL,8,'2017-09-15T14:58:59-07:00','2018-09-11T17:15:33-07:00',12),(122,'Baby Blue / Large','Baby Blue','Large',NULL,'brand-offensive-mtee-baby-lg',1,1,NULL,1,20,170,NULL,9,'2017-09-15T14:58:59-07:00','2018-09-11T17:15:32-07:00',12),(123,'Baby Blue / XL','Baby Blue','XL',NULL,'brand-offensive-mtee-baby-xl',1,1,NULL,1,20,198,NULL,10,'2017-09-15T14:58:59-07:00','2018-09-11T17:15:40-07:00',12),(124,'Baby Blue / 2XL','Baby Blue','2XL',NULL,'brand-offensive-mtee-baby-2xl',1,1,NULL,1,20,227,NULL,11,'2017-09-15T14:59:00-07:00','2018-09-11T17:15:33-07:00',12),(125,'Baby Blue / 3XL','Baby Blue','3XL',NULL,'brand-offensive-mtee-baby-3xl',1,1,NULL,1,20,255,NULL,12,'2017-09-15T14:59:00-07:00','2018-09-11T17:15:32-07:00',12),(126,'Gold / Small','Gold','Small',NULL,'brand-offensive-mtee-gold-sm',1,1,NULL,1,20,142,NULL,13,'2017-09-15T14:59:00-07:00','2018-09-11T17:15:40-07:00',12),(127,'Gold / Medium','Gold','Medium',NULL,'brand-offensive-mtee-gold-md',1,1,NULL,1,20,170,NULL,14,'2017-09-15T14:59:00-07:00','2018-09-11T17:15:33-07:00',12),(128,'Gold / Large','Gold','Large',NULL,'brand-offensive-mtee-gold-lg',1,1,NULL,1,20,170,NULL,15,'2017-09-15T14:59:00-07:00','2018-09-11T17:15:32-07:00',12),(129,'Gold / XL','Gold','XL',NULL,'brand-offensive-mtee-gold-xl',1,1,NULL,1,20,198,NULL,16,'2017-09-15T14:59:00-07:00','2018-09-11T17:15:40-07:00',12),(130,'Gold / 2XL','Gold','2XL',NULL,'brand-offensive-mtee-gold-2xl',1,1,NULL,1,20,227,NULL,17,'2017-09-15T14:59:00-07:00','2018-09-11T17:15:33-07:00',12),(131,'Gold / 3XL','Gold','3XL',NULL,'brand-offensive-mtee-gold-3xl',1,1,NULL,1,20,255,NULL,18,'2017-09-15T14:59:00-07:00','2018-09-11T17:15:32-07:00',12),(132,'Heather Grey / Small','Heather Grey','Small',NULL,'brand-offensive-mtee-heather-sm',1,1,NULL,1,20,142,NULL,19,'2017-09-15T14:59:00-07:00','2018-09-11T17:15:40-07:00',12),(133,'Heather Grey / Medium','Heather Grey','Medium',NULL,'brand-offensive-mtee-heather-md',1,1,NULL,1,20,170,NULL,20,'2017-09-15T14:59:00-07:00','2018-09-11T17:15:33-07:00',12),(134,'Heather Grey / Large','Heather Grey','Large',NULL,'brand-offensive-mtee-heather-lg',1,1,NULL,1,20,170,NULL,21,'2017-09-15T14:59:00-07:00','2018-09-11T17:15:32-07:00',12),(135,'Heather Grey / XL','Heather Grey','XL',NULL,'brand-offensive-mtee-heather-xl',1,1,NULL,1,20,198,NULL,22,'2017-09-15T14:59:00-07:00','2018-09-11T17:15:40-07:00',12),(136,'Heather Grey / 2XL','Heather Grey','2XL',NULL,'brand-offensive-mtee-heather-2xl',1,1,NULL,1,20,227,NULL,23,'2017-09-15T14:59:00-07:00','2018-09-11T17:15:33-07:00',12),(137,'Heather Grey / 3XL','Heather Grey','3XL',NULL,'brand-offensive-mtee-heather-3xl',1,1,NULL,1,20,255,NULL,24,'2017-09-15T14:59:00-07:00','2018-09-11T17:15:32-07:00',12),(138,'Kelly Green / Small','Kelly Green','Small',NULL,'brand-offensive-mtee-kelly-sm',1,1,NULL,1,20,142,NULL,25,'2017-09-15T14:59:00-07:00','2018-09-11T17:15:40-07:00',12),(139,'Kelly Green / Medium','Kelly Green','Medium',NULL,'brand-offensive-mtee-kelly-md',1,1,NULL,1,20,170,NULL,26,'2017-09-15T14:59:00-07:00','2018-09-11T17:15:33-07:00',12),(140,'Kelly Green / Large','Kelly Green','Large',NULL,'brand-offensive-mtee-kelly-lg',1,1,NULL,1,20,170,NULL,27,'2017-09-15T14:59:00-07:00','2018-09-11T17:15:32-07:00',12),(141,'Kelly Green / XL','Kelly Green','XL',NULL,'brand-offensive-mtee-kelly-xl',1,1,NULL,1,20,198,NULL,28,'2017-09-15T14:59:00-07:00','2018-09-11T17:15:40-07:00',12),(142,'Kelly Green / 2XL','Kelly Green','2XL',NULL,'brand-offensive-mtee-kelly-2xl',1,1,NULL,1,20,227,NULL,29,'2017-09-15T14:59:00-07:00','2018-09-11T17:15:32-07:00',12),(143,'Kelly Green / 3XL','Kelly Green','3XL',NULL,'brand-offensive-mtee-kelly-3xl',1,1,NULL,1,20,255,NULL,30,'2017-09-15T14:59:00-07:00','2018-09-11T17:15:33-07:00',12),(144,'Pink / Small','Pink','Small',NULL,'brand-offensive-mtee-pink-sm',1,1,NULL,1,20,142,NULL,31,'2017-09-15T14:59:00-07:00','2018-09-11T17:15:32-07:00',12),(145,'Pink / Medium','Pink','Medium',NULL,'brand-offensive-mtee-pink-md',1,1,NULL,1,20,170,NULL,32,'2017-09-15T14:59:00-07:00','2018-09-11T17:15:33-07:00',12),(146,'Pink / Large','Pink','Large',NULL,'brand-offensive-mtee-pink-lg',1,1,NULL,1,20,170,NULL,33,'2017-09-15T14:59:00-07:00','2018-09-11T17:15:40-07:00',12),(147,'Pink / XL','Pink','XL',NULL,'brand-offensive-mtee-pink-xl',1,1,NULL,1,20,198,NULL,34,'2017-09-15T14:59:00-07:00','2018-09-11T17:15:40-07:00',12),(148,'Pink / 2XL','Pink','2XL',NULL,'brand-offensive-mtee-pink-2xl',1,1,NULL,1,20,227,NULL,35,'2017-09-15T14:59:00-07:00','2018-09-11T17:15:32-07:00',12),(149,'Pink / 3XL','Pink','3XL',NULL,'brand-offensive-mtee-pink-3xl',1,1,NULL,1,20,255,NULL,36,'2017-09-15T14:59:00-07:00','2018-09-11T17:15:33-07:00',12),(150,'Red / Small','Red','Small',NULL,'brand-offensive-mtee-red-sm',1,1,NULL,1,20,142,NULL,37,'2017-09-15T14:59:00-07:00','2018-09-11T17:15:40-07:00',12),(151,'Red / Medium','Red','Medium',NULL,'brand-offensive-mtee-red-md',1,1,NULL,1,20,170,NULL,38,'2017-09-15T14:59:01-07:00','2018-09-11T17:15:32-07:00',12),(152,'Red / Large','Red','Large',NULL,'brand-offensive-mtee-red-lg',1,1,NULL,1,20,170,NULL,39,'2017-09-15T14:59:01-07:00','2018-09-11T17:15:33-07:00',12),(153,'Red / XL','Red','XL',NULL,'brand-offensive-mtee-red-xl',1,1,NULL,1,20,198,NULL,40,'2017-09-15T14:59:01-07:00','2018-09-11T17:15:33-07:00',12),(154,'Red / 2XL','Red','2XL',NULL,'brand-offensive-mtee-red-2xl',1,1,NULL,1,20,227,NULL,41,'2017-09-15T14:59:01-07:00','2018-09-11T17:15:40-07:00',12),(155,'Red / 3XL','Red','3XL',NULL,'brand-offensive-mtee-red-3xl',1,1,NULL,1,20,255,NULL,42,'2017-09-15T14:59:01-07:00','2018-09-11T17:15:32-07:00',12),(156,'Silver / Small','Silver','Small',NULL,'brand-offensive-mtee-silver-sm',1,1,NULL,1,20,142,NULL,43,'2017-09-15T14:59:01-07:00','2018-09-11T17:15:33-07:00',12),(157,'Silver / Medium','Silver','Medium',NULL,'brand-offensive-mtee-silver-md',1,1,NULL,1,20,170,NULL,44,'2017-09-15T14:59:01-07:00','2018-09-11T17:15:32-07:00',12),(158,'Silver / Large','Silver','Large',NULL,'brand-offensive-mtee-silver-lg',1,1,NULL,1,20,170,NULL,45,'2017-09-15T14:59:01-07:00','2018-09-11T17:15:33-07:00',12),(159,'Silver / XL','Silver','XL',NULL,'brand-offensive-mtee-silver-xl',1,1,NULL,1,20,198,NULL,46,'2017-09-15T14:59:01-07:00','2018-09-11T17:15:40-07:00',12),(160,'Silver / 2XL','Silver','2XL',NULL,'brand-offensive-mtee-silver-2xl',1,1,NULL,1,20,227,NULL,47,'2017-09-15T14:59:01-07:00','2018-09-11T17:15:32-07:00',12),(161,'Silver / 3XL','Silver','3XL',NULL,'brand-offensive-mtee-silver-3xl',1,1,NULL,1,20,255,NULL,48,'2017-09-15T14:59:01-07:00','2018-09-11T17:15:40-07:00',12),(162,'Tan / Small','Tan','Small',NULL,'brand-offensive-mtee-tan-sm',1,1,NULL,1,20,142,NULL,49,'2017-09-15T14:59:01-07:00','2018-09-11T17:15:32-07:00',12),(163,'Tan / Medium','Tan','Medium',NULL,'brand-offensive-mtee-tan-md',1,1,NULL,1,20,170,NULL,50,'2017-09-15T14:59:01-07:00','2018-09-11T17:15:33-07:00',12),(164,'Tan / Large','Tan','Large',NULL,'brand-offensive-mtee-tan-lg',1,1,NULL,1,20,170,NULL,51,'2017-09-15T14:59:01-07:00','2018-09-11T17:15:40-07:00',12),(165,'Tan / XL','Tan','XL',NULL,'brand-offensive-mtee-tan-xl',1,1,NULL,1,20,198,NULL,52,'2017-09-15T14:59:01-07:00','2018-09-11T17:15:32-07:00',12),(166,'Tan / 2XL','Tan','2XL',NULL,'brand-offensive-mtee-tan-2xl',1,1,NULL,1,20,227,NULL,53,'2017-09-15T14:59:01-07:00','2018-09-11T17:15:33-07:00',12),(167,'Tan / 3XL','Tan','3XL',NULL,'brand-offensive-mtee-tan-3xl',1,1,NULL,1,20,255,NULL,54,'2017-09-15T14:59:01-07:00','2018-09-11T17:15:40-07:00',12),(168,'Heather Grey / Small','Heather Grey','Small',NULL,'brand-offensive-crew-heather-sm',1,1,NULL,1,40,340,NULL,1,'2017-09-15T14:58:33-07:00','2018-09-11T17:15:32-07:00',13),(169,'Heather Grey / Medium','Heather Grey','Medium',NULL,'brand-offensive-crew-heather-md',1,1,NULL,1,40,369,NULL,2,'2017-09-15T14:58:33-07:00','2018-09-11T17:15:40-07:00',13),(170,'Heather Grey / Large','Heather Grey','Large',NULL,'brand-offensive-crew-heather-lg',1,1,NULL,1,40,397,NULL,3,'2017-09-15T14:58:33-07:00','2018-09-11T17:15:33-07:00',13),(171,'Heather Grey / XL','Heather Grey','XL',NULL,'brand-offensive-crew-heather-xl',1,1,NULL,1,40,397,NULL,4,'2017-09-15T14:58:33-07:00','2018-09-11T17:15:32-07:00',13),(172,'Heather Grey / 2XL','Heather Grey','2XL',NULL,'brand-offensive-crew-heather-2xl',1,1,NULL,1,40,425,NULL,5,'2017-09-15T14:58:33-07:00','2018-09-11T17:15:40-07:00',13),(173,'Heather Grey / 3XL','Heather Grey','3XL',NULL,'brand-offensive-crew-heather-3xl',1,1,NULL,1,40,454,NULL,6,'2017-09-15T14:58:33-07:00','2018-09-11T17:15:33-07:00',13),(174,'Heather Grey / Small','Heather Grey','Small',NULL,'brand-offensive-hoodie-heather-sm',1,1,NULL,1,45,340,NULL,1,'2017-09-15T14:58:30-07:00','2018-09-11T17:15:33-07:00',14),(175,'Heather Grey / Medium','Heather Grey','Medium',NULL,'brand-offensive-hoodie-heather-md',1,1,NULL,1,45,369,NULL,2,'2017-09-15T14:58:30-07:00','2018-09-11T17:15:32-07:00',14),(176,'Heather Grey / Large','Heather Grey','Large',NULL,'brand-offensive-hoodie-heather-lg',1,1,NULL,1,45,397,NULL,3,'2017-09-15T14:58:30-07:00','2018-09-11T17:15:40-07:00',14),(177,'Heather Grey / XL','Heather Grey','XL',NULL,'brand-offensive-hoodie-heather-xl',1,1,NULL,1,45,397,NULL,4,'2017-09-15T14:58:30-07:00','2018-09-11T17:15:33-07:00',14),(178,'Heather Grey / 2XL','Heather Grey','2XL',NULL,'brand-offensive-hoodie-heather-2xl',1,1,NULL,1,45,425,NULL,5,'2017-09-15T14:58:30-07:00','2018-09-11T17:15:32-07:00',14),(179,'Heather Grey / 3XL','Heather Grey','3XL',NULL,'brand-offensive-hoodie-heather-3xl',1,1,NULL,1,45,454,NULL,6,'2017-09-15T14:58:30-07:00','2018-09-11T17:15:40-07:00',14),(180,'White / 11oz','White','11oz',NULL,'brand-cust4352-mug-white-11oz',1,1,NULL,0,20,227,NULL,1,'2017-09-15T13:35:46-07:00','2021-05-26T17:58:03-07:00',15),(181,'White / Small','White','Small',NULL,'brand-cust4352-tank-white-sm',1,1,NULL,1,20,113,NULL,1,'2017-09-15T13:35:40-07:00','2018-09-11T17:15:22-07:00',16),(182,'White / Medium','White','Medium',NULL,'brand-cust4352-tank-white-md',1,1,NULL,1,20,142,NULL,2,'2017-09-15T13:35:40-07:00','2018-09-11T17:15:23-07:00',16),(183,'White / Large','White','Large',NULL,'brand-cust4352-tank-white-lg',1,1,NULL,1,20,142,NULL,3,'2017-09-15T13:35:40-07:00','2018-09-11T17:15:22-07:00',16),(184,'White / XL','White','XL',NULL,'brand-cust4352-tank-white-xl',1,1,NULL,1,20,170,NULL,4,'2017-09-15T13:35:40-07:00','2018-09-11T17:15:25-07:00',16),(185,'White / 2XL','White','2XL',NULL,'brand-cust4352-tank-white-2xl',1,1,NULL,1,20,198,NULL,5,'2017-09-15T13:35:40-07:00','2018-09-11T17:15:23-07:00',16),(186,'Heather Grey / Small','Heather Grey','Small',NULL,'brand-cust4352-tank-heather-sm',1,1,NULL,1,20,113,NULL,6,'2017-09-15T13:35:40-07:00','2018-09-11T17:15:22-07:00',16),(187,'Heather Grey / Medium','Heather Grey','Medium',NULL,'brand-cust4352-tank-heather-md',1,1,NULL,1,20,142,NULL,7,'2017-09-15T13:35:40-07:00','2018-09-11T17:15:25-07:00',16),(188,'Heather Grey / Large','Heather Grey','Large',NULL,'brand-cust4352-tank-heather-lg',1,1,NULL,1,20,142,NULL,8,'2017-09-15T13:35:40-07:00','2018-09-11T17:15:23-07:00',16),(189,'Heather Grey / XL','Heather Grey','XL',NULL,'brand-cust4352-tank-heather-xl',1,1,NULL,1,20,170,NULL,9,'2017-09-15T13:35:40-07:00','2018-09-11T17:15:22-07:00',16),(190,'Heather Grey / 2XL','Heather Grey','2XL',NULL,'brand-cust4352-tank-heather-2xl',1,1,NULL,1,20,198,NULL,10,'2017-09-15T13:35:40-07:00','2018-09-11T17:15:25-07:00',16),(191,'White / Small','White','Small',NULL,'brand-cust4352-wracer-white-sm',1,1,NULL,1,20,119,NULL,1,'2017-09-15T13:35:38-07:00','2018-09-11T17:15:25-07:00',17),(192,'White / Medium','White','Medium',NULL,'brand-cust4352-wracer-white-md',1,1,NULL,1,20,139,NULL,2,'2017-09-15T13:35:38-07:00','2018-09-11T17:15:23-07:00',17),(193,'White / Large','White','Large',NULL,'brand-cust4352-wracer-white-lg',1,1,NULL,1,20,159,NULL,3,'2017-09-15T13:35:38-07:00','2018-09-11T17:15:22-07:00',17),(194,'White / XL','White','XL',NULL,'brand-cust4352-wracer-white-xl',1,1,NULL,1,20,179,NULL,4,'2017-09-15T13:35:38-07:00','2018-09-11T17:15:25-07:00',17),(195,'White / 2XL','White','2XL',NULL,'brand-cust4352-wracer-white-2xl',1,1,NULL,1,20,201,NULL,5,'2017-09-15T13:35:38-07:00','2018-09-11T17:15:23-07:00',17),(196,'Heather Gray / Small','Heather Gray','Small',NULL,'brand-cust4352-wracer-heather-sm',1,1,NULL,1,20,119,NULL,6,'2017-09-15T13:35:38-07:00','2018-09-11T17:15:22-07:00',17),(197,'Heather Gray / Medium','Heather Gray','Medium',NULL,'brand-cust4352-wracer-heather-md',1,1,NULL,1,20,139,NULL,7,'2017-09-15T13:35:38-07:00','2018-09-11T17:15:25-07:00',17),(198,'Heather Gray / Large','Heather Gray','Large',NULL,'brand-cust4352-wracer-heather-lg',1,1,NULL,1,20,159,NULL,8,'2017-09-15T13:35:38-07:00','2018-09-11T17:15:23-07:00',17),(199,'Heather Gray / XL','Heather Gray','XL',NULL,'brand-cust4352-wracer-heather-xl',1,1,NULL,1,20,179,NULL,9,'2017-09-15T13:35:38-07:00','2018-09-11T17:15:22-07:00',17),(200,'Heather Gray / 2XL','Heather Gray','2XL',NULL,'brand-cust4352-wracer-heather-2xl',1,1,NULL,1,20,201,NULL,10,'2017-09-15T13:35:38-07:00','2018-09-11T17:15:25-07:00',17),(201,'White / Small','White','Small',NULL,'brand-cust4352-wv-white-sm',1,1,NULL,1,20,113,NULL,1,'2017-09-15T13:35:36-07:00','2018-09-11T17:15:23-07:00',18),(202,'White / Medium','White','Medium',NULL,'brand-cust4352-wv-white-md',1,1,NULL,1,20,142,NULL,2,'2017-09-15T13:35:36-07:00','2018-09-11T17:15:22-07:00',18),(203,'White / Large','White','Large',NULL,'brand-cust4352-wv-white-lg',1,1,NULL,1,20,142,NULL,3,'2017-09-15T13:35:36-07:00','2018-09-11T17:15:25-07:00',18),(204,'White / XL','White','XL',NULL,'brand-cust4352-wv-white-xl',1,1,NULL,1,20,170,NULL,4,'2017-09-15T13:35:36-07:00','2018-09-11T17:15:23-07:00',18),(205,'White / 2XL','White','2XL',NULL,'brand-cust4352-wv-white-2xl',1,1,NULL,1,20,198,NULL,5,'2017-09-15T13:35:36-07:00','2018-09-11T17:15:22-07:00',18),(206,'Ash / Small','Ash','Small',NULL,'brand-cust4352-wv-ash-sm',1,1,NULL,1,20,113,NULL,6,'2017-09-15T13:35:36-07:00','2018-09-11T17:15:25-07:00',18),(207,'Ash / Medium','Ash','Medium',NULL,'brand-cust4352-wv-ash-md',1,1,NULL,1,20,142,NULL,7,'2017-09-15T13:35:36-07:00','2018-09-11T17:15:23-07:00',18),(208,'Ash / Large','Ash','Large',NULL,'brand-cust4352-wv-ash-lg',1,1,NULL,1,20,142,NULL,8,'2017-09-15T13:35:36-07:00','2018-09-11T17:15:22-07:00',18),(209,'Ash / XL','Ash','XL',NULL,'brand-cust4352-wv-ash-xl',1,1,NULL,1,20,170,NULL,9,'2017-09-15T13:35:36-07:00','2018-09-11T17:15:25-07:00',18),(210,'Ash / 2XL','Ash','2XL',NULL,'brand-cust4352-wv-ash-2xl',1,1,NULL,1,20,198,NULL,10,'2017-09-15T13:35:36-07:00','2018-09-11T17:15:23-07:00',18),(211,'White / Small','White','Small',NULL,'brand-cust4352-wtee-white-sm',1,1,NULL,1,20,130,NULL,1,'2017-09-15T13:35:34-07:00','2018-09-11T17:15:25-07:00',19),(212,'White / Medium','White','Medium',NULL,'brand-cust4352-wtee-white-md',1,1,NULL,1,20,150,NULL,2,'2017-09-15T13:35:34-07:00','2018-09-11T17:15:22-07:00',19),(213,'White / Large','White','Large',NULL,'brand-cust4352-wtee-white-lg',1,1,NULL,1,20,170,NULL,3,'2017-09-15T13:35:34-07:00','2018-09-11T17:15:23-07:00',19),(214,'White / XL','White','XL',NULL,'brand-cust4352-wtee-white-xl',1,1,NULL,1,20,190,NULL,4,'2017-09-15T13:35:34-07:00','2018-09-11T17:15:25-07:00',19),(215,'White / 2XL','White','2XL',NULL,'brand-cust4352-wtee-white-2xl',1,1,NULL,1,20,210,NULL,5,'2017-09-15T13:35:34-07:00','2018-09-11T17:15:23-07:00',19),(216,'Heather Gray / Small','Heather Gray','Small',NULL,'brand-cust4352-wtee-heather-sm',1,1,NULL,1,20,130,NULL,6,'2017-09-15T13:35:34-07:00','2018-09-11T17:15:25-07:00',19),(217,'Heather Gray / Medium','Heather Gray','Medium',NULL,'brand-cust4352-wtee-heather-md',1,1,NULL,1,20,150,NULL,7,'2017-09-15T13:35:34-07:00','2018-09-11T17:15:22-07:00',19),(218,'Heather Gray / Large','Heather Gray','Large',NULL,'brand-cust4352-wtee-heather-lg',1,1,NULL,1,20,170,NULL,8,'2017-09-15T13:35:34-07:00','2018-09-11T17:15:23-07:00',19),(219,'Heather Gray / XL','Heather Gray','XL',NULL,'brand-cust4352-wtee-heather-xl',1,1,NULL,1,20,190,NULL,9,'2017-09-15T13:35:34-07:00','2018-09-11T17:15:25-07:00',19),(220,'Heather Gray / 2XL','Heather Gray','2XL',NULL,'brand-cust4352-wtee-heather-2xl',1,1,NULL,1,20,210,NULL,10,'2017-09-15T13:35:34-07:00','2018-09-11T17:15:22-07:00',19),(221,'White / Small','White','Small',NULL,'brand-cust4352-mtee-white-sm',1,1,NULL,1,20,142,NULL,1,'2017-09-15T13:35:31-07:00','2018-09-11T17:15:22-07:00',20),(222,'White / Medium','White','Medium',NULL,'brand-cust4352-mtee-white-md',1,1,NULL,1,20,170,NULL,2,'2017-09-15T13:35:31-07:00','2018-12-16T15:35:30-08:00',20),(223,'White / Large','White','Large',NULL,'brand-cust4352-mtee-white-lg',1,1,NULL,1,20,170,NULL,3,'2017-09-15T13:35:31-07:00','2021-07-22T19:38:26-07:00',20),(224,'White / XL','White','XL',NULL,'brand-cust4352-mtee-white-xl',1,1,NULL,1,20,198,NULL,4,'2017-09-15T13:35:31-07:00','2018-09-11T17:15:22-07:00',20),(225,'White / 2XL','White','2XL',NULL,'brand-cust4352-mtee-white-2xl',1,1,NULL,1,20,227,NULL,5,'2017-09-15T13:35:31-07:00','2018-09-11T17:15:25-07:00',20),(226,'White / 3XL','White','3XL',NULL,'brand-cust4352-mtee-white-3xl',1,1,NULL,1,20,255,NULL,6,'2017-09-15T13:35:31-07:00','2018-09-11T17:15:23-07:00',20),(227,'Heather Grey / Small','Heather Grey','Small',NULL,'brand-cust4352-mtee-heather-sm',1,1,NULL,1,20,142,NULL,7,'2017-09-15T13:35:31-07:00','2022-01-25T00:28:03-08:00',20),(228,'Heather Grey / Medium','Heather Grey','Medium',NULL,'brand-cust4352-mtee-heather-md',1,1,NULL,1,20,170,NULL,8,'2017-09-15T13:35:31-07:00','2018-09-11T17:15:25-07:00',20),(229,'Heather Grey / Large','Heather Grey','Large',NULL,'brand-cust4352-mtee-heather-lg',1,1,NULL,1,20,170,NULL,9,'2017-09-15T13:35:31-07:00','2022-01-24T17:35:03-08:00',20),(230,'Heather Grey / XL','Heather Grey','XL',NULL,'brand-cust4352-mtee-heather-xl',1,1,NULL,1,20,198,NULL,10,'2017-09-15T13:35:31-07:00','2018-09-11T17:15:22-07:00',20),(231,'Heather Grey / 2XL','Heather Grey','2XL',NULL,'brand-cust4352-mtee-heather-2xl',1,1,NULL,1,20,227,NULL,11,'2017-09-15T13:35:31-07:00','2018-09-11T17:15:25-07:00',20),(232,'Heather Grey / 3XL','Heather Grey','3XL',NULL,'brand-cust4352-mtee-heather-3xl',1,1,NULL,1,20,255,NULL,12,'2017-09-15T13:35:31-07:00','2018-09-11T17:15:23-07:00',20),(233,'Heather Grey / Small','Heather Grey','Small',NULL,'brand-cust4352-crew-heather-sm',1,1,NULL,1,40,340,NULL,1,'2017-09-15T13:35:29-07:00','2018-09-11T17:15:23-07:00',21),(234,'Heather Grey / Medium','Heather Grey','Medium',NULL,'brand-cust4352-crew-heather-md',1,1,NULL,1,40,369,NULL,2,'2017-09-15T13:35:29-07:00','2018-09-11T17:15:22-07:00',21),(235,'Heather Grey / Large','Heather Grey','Large',NULL,'brand-cust4352-crew-heather-lg',1,1,NULL,1,40,397,NULL,3,'2017-09-15T13:35:29-07:00','2018-09-11T17:15:25-07:00',21),(236,'Heather Grey / XL','Heather Grey','XL',NULL,'brand-cust4352-crew-heather-xl',1,1,NULL,1,40,397,NULL,4,'2017-09-15T13:35:29-07:00','2018-09-11T17:15:23-07:00',21),(237,'Heather Grey / 2XL','Heather Grey','2XL',NULL,'brand-cust4352-crew-heather-2xl',1,1,NULL,1,40,425,NULL,5,'2017-09-15T13:35:29-07:00','2018-09-11T17:15:22-07:00',21),(238,'Heather Grey / 3XL','Heather Grey','3XL',NULL,'brand-cust4352-crew-heather-3xl',1,1,NULL,1,40,454,NULL,6,'2017-09-15T13:35:29-07:00','2018-09-11T17:15:25-07:00',21),(239,'Heather Grey / Small','Heather Grey','Small',NULL,'brand-cust4352-hoodie-heather-sm',1,1,NULL,1,45,340,NULL,1,'2017-09-15T13:35:28-07:00','2018-09-11T17:15:22-07:00',22),(240,'Heather Grey / Medium','Heather Grey','Medium',NULL,'brand-cust4352-hoodie-heather-md',1,1,NULL,1,45,369,NULL,2,'2017-09-15T13:35:28-07:00','2018-09-11T17:15:23-07:00',22),(241,'Heather Grey / Large','Heather Grey','Large',NULL,'brand-cust4352-hoodie-heather-lg',1,1,NULL,1,45,397,NULL,3,'2017-09-15T13:35:28-07:00','2018-09-11T17:15:25-07:00',22),(242,'Heather Grey / XL','Heather Grey','XL',NULL,'brand-cust4352-hoodie-heather-xl',1,1,NULL,1,45,397,NULL,4,'2017-09-15T13:35:28-07:00','2018-09-11T17:15:25-07:00',22),(243,'Heather Grey / 2XL','Heather Grey','2XL',NULL,'brand-cust4352-hoodie-heather-2xl',1,1,NULL,1,45,425,NULL,5,'2017-09-15T13:35:28-07:00','2018-09-11T17:15:22-07:00',22),(244,'Heather Grey / 3XL','Heather Grey','3XL',NULL,'brand-cust4352-hoodie-heather-3xl',1,1,NULL,1,45,454,NULL,6,'2017-09-15T13:35:28-07:00','2018-09-11T17:15:23-07:00',22),(245,'White / 11oz','White','11oz',NULL,'deez-forgiveyou-mug-white-11oz',1,1,NULL,0,20,227,NULL,1,'2017-06-23T18:14:49-07:00','2021-05-26T17:58:06-07:00',23),(246,'Natural / One-size','Natural','One-size',NULL,'deez-forgiveyou-tote-natural-os',1,1,NULL,1,20,227,NULL,1,'2017-06-23T18:14:47-07:00','2018-09-11T16:56:59-07:00',24),(247,'White / Newborn','White','Newborn',NULL,'deez-forgiveyou-onesie-white-nb',1,1,NULL,1,18,113,NULL,1,'2017-06-23T18:14:45-07:00','2018-09-11T16:56:59-07:00',25),(248,'White / 6M','White','6M',NULL,'deez-forgiveyou-onesie-white-6m',1,1,NULL,1,18,142,NULL,2,'2017-06-23T18:14:45-07:00','2018-09-11T16:56:59-07:00',25),(249,'White / 12M','White','12M',NULL,'deez-forgiveyou-onesie-white-12m',1,1,NULL,1,18,142,NULL,3,'2017-06-23T18:14:45-07:00','2018-09-11T16:56:59-07:00',25),(250,'White / 18M','White','18M',NULL,'deez-forgiveyou-onesie-white-18m',1,1,NULL,1,18,170,NULL,4,'2017-06-23T18:14:45-07:00','2018-09-11T16:56:59-07:00',25),(251,'White / 24M','White','24M',NULL,'deez-forgiveyou-onesie-white-24m',1,1,NULL,1,18,198,NULL,5,'2017-06-23T18:14:45-07:00','2018-09-11T16:56:59-07:00',25),(252,'Baby Blue / Newborn','Baby Blue','Newborn',NULL,'deez-forgiveyou-onesie-baby-nb',1,1,NULL,1,18,113,NULL,6,'2017-06-23T18:14:45-07:00','2018-09-11T16:56:59-07:00',25),(253,'Baby Blue / 6M','Baby Blue','6M',NULL,'deez-forgiveyou-onesie-baby-6m',1,1,NULL,1,18,142,NULL,7,'2017-06-23T18:14:45-07:00','2018-09-11T16:56:59-07:00',25),(254,'Baby Blue / 12M','Baby Blue','12M',NULL,'deez-forgiveyou-onesie-baby-12m',1,1,NULL,1,18,142,NULL,8,'2017-06-23T18:14:45-07:00','2018-09-11T16:56:59-07:00',25),(255,'Baby Blue / 18M','Baby Blue','18M',NULL,'deez-forgiveyou-onesie-baby-18m',1,1,NULL,1,18,170,NULL,9,'2017-06-23T18:14:45-07:00','2018-09-11T16:56:59-07:00',25),(256,'Baby Blue / 24M','Baby Blue','24M',NULL,'deez-forgiveyou-onesie-baby-24m',1,1,NULL,1,18,198,NULL,10,'2017-06-23T18:14:45-07:00','2018-09-11T16:56:59-07:00',25),(257,'Heather Grey / Newborn','Heather Grey','Newborn',NULL,'deez-forgiveyou-onesie-heather-nb',1,1,NULL,1,18,113,NULL,11,'2017-06-23T18:14:45-07:00','2018-09-11T16:56:59-07:00',25),(258,'Heather Grey / 6M','Heather Grey','6M',NULL,'deez-forgiveyou-onesie-heather-6m',1,1,NULL,1,18,142,NULL,12,'2017-06-23T18:14:45-07:00','2018-09-11T16:56:59-07:00',25),(259,'Heather Grey / 12M','Heather Grey','12M',NULL,'deez-forgiveyou-onesie-heather-12m',1,1,NULL,1,18,142,NULL,13,'2017-06-23T18:14:45-07:00','2018-09-11T16:56:59-07:00',25),(260,'Heather Grey / 18M','Heather Grey','18M',NULL,'deez-forgiveyou-onesie-heather-18m',1,1,NULL,1,18,170,NULL,14,'2017-06-23T18:14:45-07:00','2018-09-11T16:56:59-07:00',25),(261,'Heather Grey / 24M','Heather Grey','24M',NULL,'deez-forgiveyou-onesie-heather-24m',1,1,NULL,1,18,198,NULL,15,'2017-06-23T18:14:45-07:00','2018-09-11T16:56:59-07:00',25),(262,'Pink / Newborn','Pink','Newborn',NULL,'deez-forgiveyou-onesie-pink-nb',1,1,NULL,1,18,113,NULL,16,'2017-06-23T18:14:45-07:00','2018-09-11T16:56:59-07:00',25),(263,'Pink / 6M','Pink','6M',NULL,'deez-forgiveyou-onesie-pink-6m',1,1,NULL,1,18,142,NULL,17,'2017-06-23T18:14:45-07:00','2018-09-11T16:56:59-07:00',25),(264,'Pink / 12M','Pink','12M',NULL,'deez-forgiveyou-onesie-pink-12m',1,1,NULL,1,18,142,NULL,18,'2017-06-23T18:14:45-07:00','2018-09-11T16:56:59-07:00',25),(265,'Pink / 18M','Pink','18M',NULL,'deez-forgiveyou-onesie-pink-18m',1,1,NULL,1,18,170,NULL,19,'2017-06-23T18:14:45-07:00','2018-09-11T16:56:59-07:00',25),(266,'Pink / 24M','Pink','24M',NULL,'deez-forgiveyou-onesie-pink-24m',1,1,NULL,1,18,198,NULL,20,'2017-06-23T18:14:45-07:00','2018-09-11T16:56:59-07:00',25),(267,'White / Size 2','White','Size 2',NULL,'deez-forgiveyou-ktee-white-2',1,1,NULL,1,18,113,NULL,1,'2017-06-23T18:14:40-07:00','2018-09-11T16:56:59-07:00',26),(268,'White / Size 3','White','Size 3',NULL,'deez-forgiveyou-ktee-white-3',1,1,NULL,1,18,142,NULL,2,'2017-06-23T18:14:40-07:00','2018-09-11T16:56:59-07:00',26),(269,'White / Size 4','White','Size 4',NULL,'deez-forgiveyou-ktee-white-4',1,1,NULL,1,18,142,NULL,3,'2017-06-23T18:14:40-07:00','2018-09-11T16:56:59-07:00',26),(270,'White / Size 5/6','White','Size 5/6',NULL,'deez-forgiveyou-ktee-white-56',1,1,NULL,1,18,170,NULL,4,'2017-06-23T18:14:40-07:00','2018-09-11T16:56:59-07:00',26),(271,'Heather Grey / Size 2','Heather Grey','Size 2',NULL,'deez-forgiveyou-ktee-heather-2',1,1,NULL,1,18,113,NULL,5,'2017-06-23T18:14:40-07:00','2018-09-11T16:56:59-07:00',26),(272,'Heather Grey / Size 3','Heather Grey','Size 3',NULL,'deez-forgiveyou-ktee-heather-3',1,1,NULL,1,18,142,NULL,6,'2017-06-23T18:14:41-07:00','2018-09-11T16:56:59-07:00',26),(273,'Heather Grey / Size 4','Heather Grey','Size 4',NULL,'deez-forgiveyou-ktee-heather-4',1,1,NULL,1,18,142,NULL,7,'2017-06-23T18:14:41-07:00','2018-09-11T16:56:59-07:00',26),(274,'Heather Grey / Size 5/6','Heather Grey','Size 5/6',NULL,'deez-forgiveyou-ktee-heather-56',1,1,NULL,1,18,170,NULL,8,'2017-06-23T18:14:41-07:00','2018-09-11T16:56:59-07:00',26),(275,'White / Small','White','Small',NULL,'deez-forgiveyou-tank-white-sm',1,1,NULL,1,20,113,NULL,1,'2017-06-23T18:14:38-07:00','2018-09-11T16:56:59-07:00',27),(276,'White / Medium','White','Medium',NULL,'deez-forgiveyou-tank-white-md',1,1,NULL,1,20,142,NULL,2,'2017-06-23T18:14:38-07:00','2018-09-11T16:56:59-07:00',27),(277,'White / Large','White','Large',NULL,'deez-forgiveyou-tank-white-lg',1,1,NULL,1,20,142,NULL,3,'2017-06-23T18:14:38-07:00','2018-09-11T16:56:59-07:00',27),(278,'White / XL','White','XL',NULL,'deez-forgiveyou-tank-white-xl',1,1,NULL,1,20,170,NULL,4,'2017-06-23T18:14:38-07:00','2018-09-11T16:56:59-07:00',27),(279,'White / 2XL','White','2XL',NULL,'deez-forgiveyou-tank-white-2xl',1,1,NULL,1,20,198,NULL,5,'2017-06-23T18:14:38-07:00','2018-09-11T16:56:59-07:00',27),(280,'Heather Grey / Small','Heather Grey','Small',NULL,'deez-forgiveyou-tank-heather-sm',1,1,NULL,1,20,113,NULL,6,'2017-06-23T18:14:38-07:00','2018-09-11T16:56:59-07:00',27),(281,'Heather Grey / Medium','Heather Grey','Medium',NULL,'deez-forgiveyou-tank-heather-md',1,1,NULL,1,20,142,NULL,7,'2017-06-23T18:14:38-07:00','2018-09-11T16:56:59-07:00',27),(282,'Heather Grey / Large','Heather Grey','Large',NULL,'deez-forgiveyou-tank-heather-lg',1,1,NULL,1,20,142,NULL,8,'2017-06-23T18:14:38-07:00','2018-09-11T16:56:59-07:00',27),(283,'Heather Grey / XL','Heather Grey','XL',NULL,'deez-forgiveyou-tank-heather-xl',1,1,NULL,1,20,170,NULL,9,'2017-06-23T18:14:38-07:00','2018-09-11T16:56:59-07:00',27),(284,'Heather Grey / 2XL','Heather Grey','2XL',NULL,'deez-forgiveyou-tank-heather-2xl',1,1,NULL,1,20,198,NULL,10,'2017-06-23T18:14:38-07:00','2018-09-11T16:56:59-07:00',27),(285,'White / Small','White','Small',NULL,'deez-forgiveyou-wv-white-sm',1,1,NULL,1,20,113,NULL,1,'2017-06-23T18:14:33-07:00','2018-09-11T16:56:59-07:00',28),(286,'White / Medium','White','Medium',NULL,'deez-forgiveyou-wv-white-md',1,1,NULL,1,20,142,NULL,2,'2017-06-23T18:14:33-07:00','2018-09-11T16:56:59-07:00',28),(287,'White / Large','White','Large',NULL,'deez-forgiveyou-wv-white-lg',1,1,NULL,1,20,142,NULL,3,'2017-06-23T18:14:33-07:00','2018-09-11T16:56:59-07:00',28),(288,'White / XL','White','XL',NULL,'deez-forgiveyou-wv-white-xl',1,1,NULL,1,20,170,NULL,4,'2017-06-23T18:14:33-07:00','2018-09-11T16:56:59-07:00',28),(289,'White / 2XL','White','2XL',NULL,'deez-forgiveyou-wv-white-2xl',1,1,NULL,1,20,198,NULL,5,'2017-06-23T18:14:33-07:00','2018-09-11T16:56:59-07:00',28),(290,'Ash / Small','Ash','Small',NULL,'deez-forgiveyou-wv-ash-sm',1,1,NULL,1,20,113,NULL,6,'2017-06-23T18:14:33-07:00','2018-09-11T16:56:59-07:00',28),(291,'Ash / Medium','Ash','Medium',NULL,'deez-forgiveyou-wv-ash-md',1,1,NULL,1,20,142,NULL,7,'2017-06-23T18:14:33-07:00','2018-09-11T16:56:59-07:00',28),(292,'Ash / Large','Ash','Large',NULL,'deez-forgiveyou-wv-ash-lg',1,1,NULL,1,20,142,NULL,8,'2017-06-23T18:14:33-07:00','2018-09-11T16:56:59-07:00',28),(293,'Ash / XL','Ash','XL',NULL,'deez-forgiveyou-wv-ash-xl',1,1,NULL,1,20,170,NULL,9,'2017-06-23T18:14:33-07:00','2018-09-11T16:56:59-07:00',28),(294,'Ash / 2XL','Ash','2XL',NULL,'deez-forgiveyou-wv-ash-2xl',1,1,NULL,1,20,198,NULL,10,'2017-06-23T18:14:33-07:00','2021-08-30T10:56:52-07:00',28),(295,'White / Small','White','Small',NULL,'deez-forgiveyou-wtee-white-sm',1,1,NULL,1,20,130,NULL,1,'2017-06-23T18:14:31-07:00','2018-09-11T16:56:59-07:00',29),(296,'White / Medium','White','Medium',NULL,'deez-forgiveyou-wtee-white-md',1,1,NULL,1,20,150,NULL,2,'2017-06-23T18:14:31-07:00','2018-09-11T16:56:59-07:00',29),(297,'White / Large','White','Large',NULL,'deez-forgiveyou-wtee-white-lg',1,1,NULL,1,20,170,NULL,3,'2017-06-23T18:14:31-07:00','2018-09-11T16:56:59-07:00',29),(298,'White / XL','White','XL',NULL,'deez-forgiveyou-wtee-white-xl',1,1,NULL,1,20,190,NULL,4,'2017-06-23T18:14:31-07:00','2018-09-11T16:56:59-07:00',29),(299,'White / 2XL','White','2XL',NULL,'deez-forgiveyou-wtee-white-2xl',1,1,NULL,1,20,210,NULL,5,'2017-06-23T18:14:31-07:00','2018-09-11T16:56:59-07:00',29),(300,'Heather Gray / Small','Heather Gray','Small',NULL,'deez-forgiveyou-wtee-heather-sm',1,1,NULL,1,20,130,NULL,6,'2017-06-23T18:14:31-07:00','2018-09-11T16:56:59-07:00',29),(301,'Heather Gray / Medium','Heather Gray','Medium',NULL,'deez-forgiveyou-wtee-heather-md',1,1,NULL,1,20,150,NULL,7,'2017-06-23T18:14:31-07:00','2018-09-11T16:56:59-07:00',29),(302,'Heather Gray / Large','Heather Gray','Large',NULL,'deez-forgiveyou-wtee-heather-lg',1,1,NULL,1,20,170,NULL,8,'2017-06-23T18:14:31-07:00','2018-09-11T16:56:59-07:00',29),(303,'Heather Gray / XL','Heather Gray','XL',NULL,'deez-forgiveyou-wtee-heather-xl',1,1,NULL,1,20,190,NULL,9,'2017-06-23T18:14:31-07:00','2018-09-11T16:56:59-07:00',29),(304,'Heather Gray / 2XL','Heather Gray','2XL',NULL,'deez-forgiveyou-wtee-heather-2xl',1,1,NULL,1,20,210,NULL,10,'2017-06-23T18:14:31-07:00','2018-09-11T16:56:59-07:00',29),(305,'White / Small','White','Small',NULL,'deez-forgiveyou-mtee-white-sm',1,1,NULL,1,20,142,NULL,1,'2017-06-23T18:14:27-07:00','2018-09-11T16:56:59-07:00',30),(306,'White / Medium','White','Medium',NULL,'deez-forgiveyou-mtee-white-md',1,1,NULL,1,20,170,NULL,2,'2017-06-23T18:14:27-07:00','2018-09-11T16:56:59-07:00',30),(307,'White / Large','White','Large',NULL,'deez-forgiveyou-mtee-white-lg',1,1,NULL,1,20,170,NULL,3,'2017-06-23T18:14:27-07:00','2021-11-11T16:11:55-08:00',30),(308,'White / XL','White','XL',NULL,'deez-forgiveyou-mtee-white-xl',1,1,NULL,1,20,198,NULL,4,'2017-06-23T18:14:27-07:00','2018-09-11T16:56:59-07:00',30),(309,'White / 2XL','White','2XL',NULL,'deez-forgiveyou-mtee-white-2xl',1,1,NULL,1,20,227,NULL,5,'2017-06-23T18:14:27-07:00','2018-09-11T16:56:59-07:00',30),(310,'White / 3XL','White','3XL',NULL,'deez-forgiveyou-mtee-white-3xl',1,1,NULL,1,20,255,NULL,6,'2017-06-23T18:14:27-07:00','2018-09-11T16:56:59-07:00',30),(311,'Baby Blue / Small','Baby Blue','Small',NULL,'deez-forgiveyou-mtee-baby-sm',1,1,NULL,1,20,142,NULL,7,'2017-06-23T18:14:27-07:00','2018-09-11T16:56:59-07:00',30),(312,'Baby Blue / Medium','Baby Blue','Medium',NULL,'deez-forgiveyou-mtee-baby-md',1,1,NULL,1,20,170,NULL,8,'2017-06-23T18:14:27-07:00','2021-11-11T16:11:55-08:00',30),(313,'Baby Blue / Large','Baby Blue','Large',NULL,'deez-forgiveyou-mtee-baby-lg',1,1,NULL,1,20,170,NULL,9,'2017-06-23T18:14:27-07:00','2018-09-11T16:56:59-07:00',30),(314,'Baby Blue / XL','Baby Blue','XL',NULL,'deez-forgiveyou-mtee-baby-xl',1,1,NULL,1,20,198,NULL,10,'2017-06-23T18:14:27-07:00','2019-04-29T08:33:45-07:00',30),(315,'Baby Blue / 2XL','Baby Blue','2XL',NULL,'deez-forgiveyou-mtee-baby-2xl',1,1,NULL,1,20,227,NULL,11,'2017-06-23T18:14:27-07:00','2018-09-11T16:56:59-07:00',30),(316,'Baby Blue / 3XL','Baby Blue','3XL',NULL,'deez-forgiveyou-mtee-baby-3xl',1,1,NULL,1,20,255,NULL,12,'2017-06-23T18:14:27-07:00','2018-09-11T16:56:59-07:00',30),(317,'Heather Grey / Small','Heather Grey','Small',NULL,'deez-forgiveyou-mtee-heather-sm',1,1,NULL,1,20,142,NULL,13,'2017-06-23T18:14:27-07:00','2018-09-11T16:56:59-07:00',30),(318,'Heather Grey / Medium','Heather Grey','Medium',NULL,'deez-forgiveyou-mtee-heather-md',1,1,NULL,1,20,170,NULL,14,'2017-06-23T18:14:27-07:00','2020-10-10T20:08:00-07:00',30),(319,'Heather Grey / Large','Heather Grey','Large',NULL,'deez-forgiveyou-mtee-heather-lg',1,1,NULL,1,20,170,NULL,15,'2017-06-23T18:14:27-07:00','2018-09-11T16:56:59-07:00',30),(320,'Heather Grey / XL','Heather Grey','XL',NULL,'deez-forgiveyou-mtee-heather-xl',1,1,NULL,1,20,198,NULL,16,'2017-06-23T18:14:27-07:00','2020-08-19T16:58:57-07:00',30),(321,'Heather Grey / 2XL','Heather Grey','2XL',NULL,'deez-forgiveyou-mtee-heather-2xl',1,1,NULL,1,20,227,NULL,17,'2017-06-23T18:14:27-07:00','2018-09-11T16:56:59-07:00',30),(322,'Heather Grey / 3XL','Heather Grey','3XL',NULL,'deez-forgiveyou-mtee-heather-3xl',1,1,NULL,1,20,255,NULL,18,'2017-06-23T18:14:27-07:00','2018-09-11T16:56:59-07:00',30),(323,'Pink / Small','Pink','Small',NULL,'deez-forgiveyou-mtee-pink-sm',1,1,NULL,1,20,142,NULL,19,'2017-06-23T18:14:27-07:00','2018-09-11T16:56:59-07:00',30),(324,'Pink / Medium','Pink','Medium',NULL,'deez-forgiveyou-mtee-pink-md',1,1,NULL,1,20,170,NULL,20,'2017-06-23T18:14:27-07:00','2020-11-07T21:26:30-08:00',30),(325,'Pink / Large','Pink','Large',NULL,'deez-forgiveyou-mtee-pink-lg',1,1,NULL,1,20,170,NULL,21,'2017-06-23T18:14:27-07:00','2018-09-11T16:56:59-07:00',30),(326,'Pink / XL','Pink','XL',NULL,'deez-forgiveyou-mtee-pink-xl',1,1,NULL,1,20,198,NULL,22,'2017-06-23T18:14:27-07:00','2018-09-11T16:56:59-07:00',30),(327,'Pink / 2XL','Pink','2XL',NULL,'deez-forgiveyou-mtee-pink-2xl',1,1,NULL,1,20,227,NULL,23,'2017-06-23T18:14:27-07:00','2019-01-20T22:37:55-08:00',30),(328,'Pink / 3XL','Pink','3XL',NULL,'deez-forgiveyou-mtee-pink-3xl',1,1,NULL,1,20,255,NULL,24,'2017-06-23T18:14:27-07:00','2018-09-11T16:56:59-07:00',30),(329,'Tan / Small','Tan','Small',NULL,'deez-forgiveyou-mtee-tan-sm',1,1,NULL,1,20,142,NULL,25,'2017-06-23T18:14:27-07:00','2018-09-11T16:56:59-07:00',30),(330,'Tan / Medium','Tan','Medium',NULL,'deez-forgiveyou-mtee-tan-md',1,1,NULL,1,20,170,NULL,26,'2017-06-23T18:14:27-07:00','2018-09-11T16:56:59-07:00',30),(331,'Tan / Large','Tan','Large',NULL,'deez-forgiveyou-mtee-tan-lg',1,1,NULL,1,20,170,NULL,27,'2017-06-23T18:14:27-07:00','2018-09-11T16:56:59-07:00',30),(332,'Tan / XL','Tan','XL',NULL,'deez-forgiveyou-mtee-tan-xl',1,1,NULL,1,20,198,NULL,28,'2017-06-23T18:14:27-07:00','2018-09-11T16:56:59-07:00',30),(333,'Tan / 2XL','Tan','2XL',NULL,'deez-forgiveyou-mtee-tan-2xl',1,1,NULL,1,20,227,NULL,29,'2017-06-23T18:14:27-07:00','2018-09-11T16:56:59-07:00',30),(334,'Tan / 3XL','Tan','3XL',NULL,'deez-forgiveyou-mtee-tan-3xl',1,1,NULL,1,20,255,NULL,30,'2017-06-23T18:14:27-07:00','2018-09-11T16:56:59-07:00',30),(335,'Yellow / Small','Yellow','Small',NULL,'deez-forgiveyou-mtee-yellow-sm',1,1,NULL,1,20,142,NULL,31,'2017-06-23T18:14:27-07:00','2018-09-11T16:56:59-07:00',30),(336,'Yellow / Medium','Yellow','Medium',NULL,'deez-forgiveyou-mtee-yellow-md',1,1,NULL,1,20,170,NULL,32,'2017-06-23T18:14:27-07:00','2018-09-11T16:56:59-07:00',30),(337,'Yellow / Large','Yellow','Large',NULL,'deez-forgiveyou-mtee-yellow-lg',1,1,NULL,1,20,170,NULL,33,'2017-06-23T18:14:27-07:00','2018-09-11T16:56:59-07:00',30),(338,'Yellow / XL','Yellow','XL',NULL,'deez-forgiveyou-mtee-yellow-xl',1,1,NULL,1,20,198,NULL,34,'2017-06-23T18:14:27-07:00','2018-09-11T16:56:59-07:00',30),(339,'Yellow / 2XL','Yellow','2XL',NULL,'deez-forgiveyou-mtee-yellow-2xl',1,1,NULL,1,20,227,NULL,35,'2017-06-23T18:14:27-07:00','2018-09-11T16:56:59-07:00',30),(340,'Yellow / 3XL','Yellow','3XL',NULL,'deez-forgiveyou-mtee-yellow-3xl',1,1,NULL,1,20,255,NULL,36,'2017-06-23T18:14:27-07:00','2018-09-11T16:56:59-07:00',30);
/*!40000 ALTER TABLE `product_variant` ENABLE KEYS */;
UNLOCK TABLES;

--
-- Table structure for table `user`
--

DROP TABLE IF EXISTS `user`;
/*!40101 SET @saved_cs_client     = @@character_set_client */;
/*!50503 SET character_set_client = utf8mb4 */;
CREATE TABLE `user` (
  `id` varchar(36) NOT NULL,
  `username` varchar(255) NOT NULL,
  `password` varchar(255) NOT NULL,
  `email` varchar(255) NOT NULL,
  PRIMARY KEY (`id`),
  UNIQUE KEY `IDX_78a916df40e02a9deb1c4b75ed` (`username`)
) ENGINE=InnoDB DEFAULT CHARSET=latin1;
/*!40101 SET character_set_client = @saved_cs_client */;

--
-- Dumping data for table `user`
--

LOCK TABLES `user` WRITE;
/*!40000 ALTER TABLE `user` DISABLE KEYS */;
INSERT INTO `user` VALUES ('0cd5f2d4-409e-4896-baf9-b3053ee40d8c','root','$2b$10$4y8jP4P2twYDk.PZQCRbm.dwD2qYC/00vT46xfw1/tOQb50vrarAC','test@example.com');
/*!40000 ALTER TABLE `user` ENABLE KEYS */;
UNLOCK TABLES;

--
-- Dumping routines for database 'test-shop'
--
/*!40103 SET TIME_ZONE=@OLD_TIME_ZONE */;

/*!40101 SET SQL_MODE=@OLD_SQL_MODE */;
/*!40014 SET FOREIGN_KEY_CHECKS=@OLD_FOREIGN_KEY_CHECKS */;
/*!40014 SET UNIQUE_CHECKS=@OLD_UNIQUE_CHECKS */;
/*!40101 SET CHARACTER_SET_CLIENT=@OLD_CHARACTER_SET_CLIENT */;
/*!40101 SET CHARACTER_SET_RESULTS=@OLD_CHARACTER_SET_RESULTS */;
/*!40101 SET COLLATION_CONNECTION=@OLD_COLLATION_CONNECTION */;
/*!40111 SET SQL_NOTES=@OLD_SQL_NOTES */;

-- Dump completed on 2022-06-27  4:30:39
